Workbook

Sheet no_cg
D1: Ours
A2: Job num | B2: Machine num | C2: Seed | D2: Lambda | E2: objective value | F2: lower bound | G2: total time | H2: initial ban num | I2: total ban num | J2: total iter num | K2: AVG | L2: BC GAP
A3: 30 | B3: 2 | C3: 10 | D3: 1.15 | E3: 2 | F3: 2 | G3: 0.017 | H3: 0 | I3: 0 | J3: 1 | L3: =IF(ISBLANK(E3),IF(ISBLANK(F3),"",100), IF(E3+F3=0, 0, IF(G3=3600, IF(E3=F3,1,(E3-F3)/E3*100), 0))) -> 0
A4: 30 | B4: 2 | C4: 20 | D4: 1.15 | E4: 2 | F4: 2 | G4: 0.016 | H4: 0 | I4: 0 | J4: 1 | L4: =IF(ISBLANK(E4),IF(ISBLANK(F4),"",100), IF(E4+F4=0, 0, IF(G4=3600, IF(E4=F4,1,(E4-F4)/E4*100), 0))) -> 0
A5: 30 | B5: 2 | C5: 30 | D5: 1.15 | E5: 2 | F5: 2 | G5: 0.016 | H5: 0 | I5: 0 | J5: 1 | L5: =IF(ISBLANK(E5),IF(ISBLANK(F5),"",100), IF(E5+F5=0, 0, IF(G5=3600, IF(E5=F5,1,(E5-F5)/E5*100), 0))) -> 0
A6: 30 | B6: 2 | C6: 40 | D6: 1.15 | E6: 2 | F6: 2 | G6: 0.019 | H6: 0 | I6: 0 | J6: 1 | L6: =IF(ISBLANK(E6),IF(ISBLANK(F6),"",100), IF(E6+F6=0, 0, IF(G6=3600, IF(E6=F6,1,(E6-F6)/E6*100), 0))) -> 0
A7: 30 | B7: 2 | C7: 50 | D7: 1.15 | E7: 2 | F7: 2 | G7: 0.019 | H7: 0 | I7: 0 | J7: 1 | L7: =IF(ISBLANK(E7),IF(ISBLANK(F7),"",100), IF(E7+F7=0, 0, IF(G7=3600, IF(E7=F7,1,(E7-F7)/E7*100), 0))) -> 0
A8: 30 | B8: 2 | C8: 60 | D8: 1.15 | E8: 2 | F8: 2 | G8: 0.016 | H8: 0 | I8: 0 | J8: 1 | L8: =IF(ISBLANK(E8),IF(ISBLANK(F8),"",100), IF(E8+F8=0, 0, IF(G8=3600, IF(E8=F8,1,(E8-F8)/E8*100), 0))) -> 0
A9: 30 | B9: 2 | C9: 70 | D9: 1.15 | E9: 2 | F9: 2 | G9: 0.016 | H9: 0 | I9: 0 | J9: 1 | L9: =IF(ISBLANK(E9),IF(ISBLANK(F9),"",100), IF(E9+F9=0, 0, IF(G9=3600, IF(E9=F9,1,(E9-F9)/E9*100), 0))) -> 0
A10: 30 | B10: 2 | C10: 80 | D10: 1.15 | E10: 2 | F10: 2 | G10: 0.017 | H10: 0 | I10: 0 | J10: 1 | L10: =IF(ISBLANK(E10),IF(ISBLANK(F10),"",100), IF(E10+F10=0, 0, IF(G10=3600, IF(E10=F10,1,(E10-F10)/E10*100), 0))) -> 0
A11: 30 | B11: 2 | C11: 90 | D11: 1.15 | E11: 2 | F11: 2 | G11: 0.017 | H11: 0 | I11: 0 | J11: 1 | L11: =IF(ISBLANK(E11),IF(ISBLANK(F11),"",100), IF(E11+F11=0, 0, IF(G11=3600, IF(E11=F11,1,(E11-F11)/E11*100), 0))) -> 0
A12: 30 | B12: 2 | C12: 100 | D12: 1.15 | E12: 2 | F12: 2 | G12: 0.015 | H12: 0 | I12: 0 | J12: 1 | K12: =AVERAGE(G3:G12) -> 0.0168 | L12: =IF(ISBLANK(E12),IF(ISBLANK(F12),"",100), IF(E12+F12=0, 0, IF(G12=3600, IF(E12=F12,1,(E12-F12)/E12*100), 0))) -> 0
A13: 30 | B13: 3 | C13: 10 | D13: 1.15 | E13: 1 | F13: 1 | G13: 0.056 | H13: 0 | I13: 0 | J13: 1 | L13: =IF(ISBLANK(E13),IF(ISBLANK(F13),"",100), IF(E13+F13=0, 0, IF(G13=3600, IF(E13=F13,1,(E13-F13)/E13*100), 0))) -> 0
A14: 30 | B14: 3 | C14: 20 | D14: 1.15 | E14: 1 | F14: 1 | G14: 0.046 | H14: 0 | I14: 0 | J14: 1 | L14: =IF(ISBLANK(E14),IF(ISBLANK(F14),"",100), IF(E14+F14=0, 0, IF(G14=3600, IF(E14=F14,1,(E14-F14)/E14*100), 0))) -> 0
A15: 30 | B15: 3 | C15: 30 | D15: 1.15 | E15: 1 | F15: 1 | G15: 0.061 | H15: 0 | I15: 0 | J15: 1 | L15: =IF(ISBLANK(E15),IF(ISBLANK(F15),"",100), IF(E15+F15=0, 0, IF(G15=3600, IF(E15=F15,1,(E15-F15)/E15*100), 0))) -> 0
A16: 30 | B16: 3 | C16: 40 | D16: 1.15 | E16: 1 | F16: 1 | G16: 0.046 | H16: 0 | I16: 0 | J16: 1 | L16: =IF(ISBLANK(E16),IF(ISBLANK(F16),"",100), IF(E16+F16=0, 0, IF(G16=3600, IF(E16=F16,1,(E16-F16)/E16*100), 0))) -> 0
A17: 30 | B17: 3 | C17: 50 | D17: 1.15 | E17: 2 | F17: 2 | G17: 0.122 | H17: 0 | I17: 0 | J17: 1 | L17: =IF(ISBLANK(E17),IF(ISBLANK(F17),"",100), IF(E17+F17=0, 0, IF(G17=3600, IF(E17=F17,1,(E17-F17)/E17*100), 0))) -> 0
A18: 30 | B18: 3 | C18: 60 | D18: 1.15 | E18: 2 | F18: 2 | G18: 0.098 | H18: 0 | I18: 0 | J18: 1 | L18: =IF(ISBLANK(E18),IF(ISBLANK(F18),"",100), IF(E18+F18=0, 0, IF(G18=3600, IF(E18=F18,1,(E18-F18)/E18*100), 0))) -> 0
A19: 30 | B19: 3 | C19: 70 | D19: 1.15 | E19: 1 | F19: 1 | G19: 0.056 | H19: 0 | I19: 0 | J19: 1 | L19: =IF(ISBLANK(E19),IF(ISBLANK(F19),"",100), IF(E19+F19=0, 0, IF(G19=3600, IF(E19=F19,1,(E19-F19)/E19*100), 0))) -> 0
A20: 30 | B20: 3 | C20: 80 | D20: 1.15 | E20: 1 | F20: 1 | G20: 0.062 | H20: 0 | I20: 0 | J20: 1 | L20: =IF(ISBLANK(E20),IF(ISBLANK(F20),"",100), IF(E20+F20=0, 0, IF(G20=3600, IF(E20=F20,1,(E20-F20)/E20*100), 0))) -> 0
A21: 30 | B21: 3 | C21: 90 | D21: 1.15 | E21: 1 | F21: 1 | G21: 0.047 | H21: 0 | I21: 0 | J21: 1 | L21: =IF(ISBLANK(E21),IF(ISBLANK(F21),"",100), IF(E21+F21=0, 0, IF(G21=3600, IF(E21=F21,1,(E21-F21)/E21*100), 0))) -> 0
A22: 30 | B22: 3 | C22: 100 | D22: 1.15 | E22: 1 | F22: 1 | G22: 0.044 | H22: 0 | I22: 0 | J22: 1 | K22: =AVERAGE(G13:G22) -> 0.0638 | L22: =IF(ISBLANK(E22),IF(ISBLANK(F22),"",100), IF(E22+F22=0, 0, IF(G22=3600, IF(E22=F22,1,(E22-F22)/E22*100), 0))) -> 0
A23: 30 | B23: 4 | C23: 10 | D23: 1.15 | E23: 0 | F23: 0 | G23: 0.076 | H23: 0 | I23: 0 | J23: 1 | L23: =IF(ISBLANK(E23),IF(ISBLANK(F23),"",100), IF(E23+F23=0, 0, IF(G23=3600, IF(E23=F23,1,(E23-F23)/E23*100), 0))) -> 0
A24: 30 | B24: 4 | C24: 20 | D24: 1.15 | E24: 0 | F24: 0 | G24: 0.077 | H24: 0 | I24: 0 | J24: 1 | L24: =IF(ISBLANK(E24),IF(ISBLANK(F24),"",100), IF(E24+F24=0, 0, IF(G24=3600, IF(E24=F24,1,(E24-F24)/E24*100), 0))) -> 0
A25: 30 | B25: 4 | C25: 30 | D25: 1.15 | E25: 0 | F25: 0 | G25: 0.078 | H25: 0 | I25: 0 | J25: 1 | L25: =IF(ISBLANK(E25),IF(ISBLANK(F25),"",100), IF(E25+F25=0, 0, IF(G25=3600, IF(E25=F25,1,(E25-F25)/E25*100), 0))) -> 0
A26: 30 | B26: 4 | C26: 40 | D26: 1.15 | E26: 0 | F26: 0 | G26: 0.064 | H26: 0 | I26: 0 | J26: 1 | L26: =IF(ISBLANK(E26),IF(ISBLANK(F26),"",100), IF(E26+F26=0, 0, IF(G26=3600, IF(E26=F26,1,(E26-F26)/E26*100), 0))) -> 0
A27: 30 | B27: 4 | C27: 50 | D27: 1.15 | E27: 0 | F27: 0 | G27: 0.074 | H27: 0 | I27: 0 | J27: 1 | L27: =IF(ISBLANK(E27),IF(ISBLANK(F27),"",100), IF(E27+F27=0, 0, IF(G27=3600, IF(E27=F27,1,(E27-F27)/E27*100), 0))) -> 0
A28: 30 | B28: 4 | C28: 60 | D28: 1.15 | E28: 0 | F28: 0 | G28: 0.064 | H28: 0 | I28: 0 | J28: 1 | L28: =IF(ISBLANK(E28),IF(ISBLANK(F28),"",100), IF(E28+F28=0, 0, IF(G28=3600, IF(E28=F28,1,(E28-F28)/E28*100), 0))) -> 0
A29: 30 | B29: 4 | C29: 70 | D29: 1.15 | E29: 0 | F29: 0 | G29: 0.072 | H29: 0 | I29: 0 | J29: 1 | L29: =IF(ISBLANK(E29),IF(ISBLANK(F29),"",100), IF(E29+F29=0, 0, IF(G29=3600, IF(E29=F29,1,(E29-F29)/E29*100), 0))) -> 0
A30: 30 | B30: 4 | C30: 80 | D30: 1.15 | E30: 0 | F30: 0 | G30: 0.062 | H30: 0 | I30: 0 | J30: 1 | L30: =IF(ISBLANK(E30),IF(ISBLANK(F30),"",100), IF(E30+F30=0, 0, IF(G30=3600, IF(E30=F30,1,(E30-F30)/E30*100), 0))) -> 0
A31: 30 | B31: 4 | C31: 90 | D31: 1.15 | E31: 0 | F31: 0 | G31: 0.063 | H31: 0 | I31: 0 | J31: 1 | L31: =IF(ISBLANK(E31),IF(ISBLANK(F31),"",100), IF(E31+F31=0, 0, IF(G31=3600, IF(E31=F31,1,(E31-F31)/E31*100), 0))) -> 0
A32: 30 | B32: 4 | C32: 100 | D32: 1.15 | E32: 1 | F32: 1 | G32: 0.059 | H32: 1 | I32: 1 | J32: 1 | K32: =AVERAGE(G23:G32) -> 0.0689 | L32: =IF(ISBLANK(E32),IF(ISBLANK(F32),"",100), IF(E32+F32=0, 0, IF(G32=3600, IF(E32=F32,1,(E32-F32)/E32*100), 0))) -> 0
A33: 30 | B33: 5 | C33: 10 | D33: 1.15 | E33: 0 | F33: 0 | G33: 0.061 | H33: 1 | I33: 1 | J33: 1 | L33: =IF(ISBLANK(E33),IF(ISBLANK(F33),"",100), IF(E33+F33=0, 0, IF(G33=3600, IF(E33=F33,1,(E33-F33)/E33*100), 0))) -> 0
A34: 30 | B34: 5 | C34: 20 | D34: 1.15 | E34: 0 | F34: 0 | G34: 0.061 | H34: 1 | I34: 1 | J34: 1 | L34: =IF(ISBLANK(E34),IF(ISBLANK(F34),"",100), IF(E34+F34=0, 0, IF(G34=3600, IF(E34=F34,1,(E34-F34)/E34*100), 0))) -> 0
A35: 30 | B35: 5 | C35: 30 | D35: 1.15 | E35: 0 | F35: 0 | G35: 0.06 | H35: 0 | I35: 0 | J35: 1 | L35: =IF(ISBLANK(E35),IF(ISBLANK(F35),"",100), IF(E35+F35=0, 0, IF(G35=3600, IF(E35=F35,1,(E35-F35)/E35*100), 0))) -> 0
A36: 30 | B36: 5 | C36: 40 | D36: 1.15 | E36: 0 | F36: 0 | G36: 0.064 | H36: 1 | I36: 1 | J36: 1 | L36: =IF(ISBLANK(E36),IF(ISBLANK(F36),"",100), IF(E36+F36=0, 0, IF(G36=3600, IF(E36=F36,1,(E36-F36)/E36*100), 0))) -> 0
A37: 30 | B37: 5 | C37: 50 | D37: 1.15 | E37: 0 | F37: 0 | G37: 0.062 | H37: 1 | I37: 1 | J37: 1 | L37: =IF(ISBLANK(E37),IF(ISBLANK(F37),"",100), IF(E37+F37=0, 0, IF(G37=3600, IF(E37=F37,1,(E37-F37)/E37*100), 0))) -> 0
A38: 30 | B38: 5 | C38: 60 | D38: 1.15 | E38: 0 | F38: 0 | G38: 0.062 | H38: 1 | I38: 1 | J38: 1 | L38: =IF(ISBLANK(E38),IF(ISBLANK(F38),"",100), IF(E38+F38=0, 0, IF(G38=3600, IF(E38=F38,1,(E38-F38)/E38*100), 0))) -> 0
A39: 30 | B39: 5 | C39: 70 | D39: 1.15 | E39: 0 | F39: 0 | G39: 0.062 | H39: 0 | I39: 0 | J39: 1 | L39: =IF(ISBLANK(E39),IF(ISBLANK(F39),"",100), IF(E39+F39=0, 0, IF(G39=3600, IF(E39=F39,1,(E39-F39)/E39*100), 0))) -> 0
A40: 30 | B40: 5 | C40: 80 | D40: 1.15 | E40: 0 | F40: 0 | G40: 0.061 | H40: 0 | I40: 0 | J40: 1 | L40: =IF(ISBLANK(E40),IF(ISBLANK(F40),"",100), IF(E40+F40=0, 0, IF(G40=3600, IF(E40=F40,1,(E40-F40)/E40*100), 0))) -> 0
A41: 30 | B41: 5 | C41: 90 | D41: 1.15 | E41: 0 | F41: 0 | G41: 0.063 | H41: 1 | I41: 1 | J41: 1 | L41: =IF(ISBLANK(E41),IF(ISBLANK(F41),"",100), IF(E41+F41=0, 0, IF(G41=3600, IF(E41=F41,1,(E41-F41)/E41*100), 0))) -> 0
A42: 30 | B42: 5 | C42: 100 | D42: 1.15 | E42: 0 | F42: 0 | G42: 0.06 | H42: 1 | I42: 1 | J42: 1 | K42: =AVERAGE(G33:G42) -> 0.0616 | L42: =IF(ISBLANK(E42),IF(ISBLANK(F42),"",100), IF(E42+F42=0, 0, IF(G42=3600, IF(E42=F42,1,(E42-F42)/E42*100), 0))) -> 0
A43: 40 | B43: 2 | C43: 10 | D43: 1.15 | E43: 4 | F43: 4 | G43: 0.046 | H43: 0 | I43: 0 | J43: 1 | L43: =IF(ISBLANK(E43),IF(ISBLANK(F43),"",100), IF(E43+F43=0, 0, IF(G43=3600, IF(E43=F43,1,(E43-F43)/E43*100), 0))) -> 0
A44: 40 | B44: 2 | C44: 20 | D44: 1.15 | E44: 4 | F44: 4 | G44: 0.045 | H44: 0 | I44: 0 | J44: 1 | L44: =IF(ISBLANK(E44),IF(ISBLANK(F44),"",100), IF(E44+F44=0, 0, IF(G44=3600, IF(E44=F44,1,(E44-F44)/E44*100), 0))) -> 0
A45: 40 | B45: 2 | C45: 30 | D45: 1.15 | E45: 4 | F45: 4 | G45: 0.047 | H45: 0 | I45: 0 | J45: 1 | L45: =IF(ISBLANK(E45),IF(ISBLANK(F45),"",100), IF(E45+F45=0, 0, IF(G45=3600, IF(E45=F45,1,(E45-F45)/E45*100), 0))) -> 0
A46: 40 | B46: 2 | C46: 40 | D46: 1.15 | E46: 4 | F46: 4 | G46: 0.046 | H46: 0 | I46: 0 | J46: 1 | L46: =IF(ISBLANK(E46),IF(ISBLANK(F46),"",100), IF(E46+F46=0, 0, IF(G46=3600, IF(E46=F46,1,(E46-F46)/E46*100), 0))) -> 0
A47: 40 | B47: 2 | C47: 50 | D47: 1.15 | E47: 4 | F47: 4 | G47: 0.052 | H47: 0 | I47: 0 | J47: 1 | L47: =IF(ISBLANK(E47),IF(ISBLANK(F47),"",100), IF(E47+F47=0, 0, IF(G47=3600, IF(E47=F47,1,(E47-F47)/E47*100), 0))) -> 0
A48: 40 | B48: 2 | C48: 60 | D48: 1.15 | E48: 4 | F48: 4 | G48: 0.051 | H48: 0 | I48: 0 | J48: 1 | L48: =IF(ISBLANK(E48),IF(ISBLANK(F48),"",100), IF(E48+F48=0, 0, IF(G48=3600, IF(E48=F48,1,(E48-F48)/E48*100), 0))) -> 0
A49: 40 | B49: 2 | C49: 70 | D49: 1.15 | E49: 4 | F49: 4 | G49: 0.049 | H49: 0 | I49: 0 | J49: 1 | L49: =IF(ISBLANK(E49),IF(ISBLANK(F49),"",100), IF(E49+F49=0, 0, IF(G49=3600, IF(E49=F49,1,(E49-F49)/E49*100), 0))) -> 0
A50: 40 | B50: 2 | C50: 80 | D50: 1.15 | E50: 4 | F50: 4 | G50: 0.044 | H50: 0 | I50: 0 | J50: 1 | L50: =IF(ISBLANK(E50),IF(ISBLANK(F50),"",100), IF(E50+F50=0, 0, IF(G50=3600, IF(E50=F50,1,(E50-F50)/E50*100), 0))) -> 0
A51: 40 | B51: 2 | C51: 90 | D51: 1.15 | E51: 4 | F51: 4 | G51: 0.049 | H51: 0 | I51: 0 | J51: 1 | L51: =IF(ISBLANK(E51),IF(ISBLANK(F51),"",100), IF(E51+F51=0, 0, IF(G51=3600, IF(E51=F51,1,(E51-F51)/E51*100), 0))) -> 0
A52: 40 | B52: 2 | C52: 100 | D52: 1.15 | E52: 4 | F52: 4 | G52: 0.049 | H52: 0 | I52: 0 | J52: 1 | K52: =AVERAGE(G43:G52) -> 0.0478 | L52: =IF(ISBLANK(E52),IF(ISBLANK(F52),"",100), IF(E52+F52=0, 0, IF(G52=3600, IF(E52=F52,1,(E52-F52)/E52*100), 0))) -> 0
A53: 40 | B53: 3 | C53: 10 | D53: 1.15 | E53: 3 | F53: 3 | G53: 0.089 | H53: 0 | I53: 0 | J53: 1 | L53: =IF(ISBLANK(E53),IF(ISBLANK(F53),"",100), IF(E53+F53=0, 0, IF(G53=3600, IF(E53=F53,1,(E53-F53)/E53*100), 0))) -> 0
A54: 40 | B54: 3 | C54: 20 | D54: 1.15 | E54: 3 | F54: 3 | G54: 0.089 | H54: 0 | I54: 0 | J54: 1 | L54: =IF(ISBLANK(E54),IF(ISBLANK(F54),"",100), IF(E54+F54=0, 0, IF(G54=3600, IF(E54=F54,1,(E54-F54)/E54*100), 0))) -> 0
A55: 40 | B55: 3 | C55: 30 | D55: 1.15 | E55: 3 | F55: 3 | G55: 0.091 | H55: 0 | I55: 0 | J55: 1 | L55: =IF(ISBLANK(E55),IF(ISBLANK(F55),"",100), IF(E55+F55=0, 0, IF(G55=3600, IF(E55=F55,1,(E55-F55)/E55*100), 0))) -> 0
A56: 40 | B56: 3 | C56: 40 | D56: 1.15 | E56: 3 | F56: 3 | G56: 0.088 | H56: 0 | I56: 0 | J56: 1 | L56: =IF(ISBLANK(E56),IF(ISBLANK(F56),"",100), IF(E56+F56=0, 0, IF(G56=3600, IF(E56=F56,1,(E56-F56)/E56*100), 0))) -> 0
A57: 40 | B57: 3 | C57: 50 | D57: 1.15 | E57: 3 | F57: 3 | G57: 0.089 | H57: 0 | I57: 0 | J57: 1 | L57: =IF(ISBLANK(E57),IF(ISBLANK(F57),"",100), IF(E57+F57=0, 0, IF(G57=3600, IF(E57=F57,1,(E57-F57)/E57*100), 0))) -> 0
A58: 40 | B58: 3 | C58: 60 | D58: 1.15 | E58: 3 | F58: 3 | G58: 0.105 | H58: 0 | I58: 0 | J58: 1 | L58: =IF(ISBLANK(E58),IF(ISBLANK(F58),"",100), IF(E58+F58=0, 0, IF(G58=3600, IF(E58=F58,1,(E58-F58)/E58*100), 0))) -> 0
A59: 40 | B59: 3 | C59: 70 | D59: 1.15 | E59: 3 | F59: 3 | G59: 0.095 | H59: 0 | I59: 0 | J59: 1 | L59: =IF(ISBLANK(E59),IF(ISBLANK(F59),"",100), IF(E59+F59=0, 0, IF(G59=3600, IF(E59=F59,1,(E59-F59)/E59*100), 0))) -> 0
A60: 40 | B60: 3 | C60: 80 | D60: 1.15 | E60: 3 | F60: 3 | G60: 0.087 | H60: 0 | I60: 0 | J60: 1 | L60: =IF(ISBLANK(E60),IF(ISBLANK(F60),"",100), IF(E60+F60=0, 0, IF(G60=3600, IF(E60=F60,1,(E60-F60)/E60*100), 0))) -> 0
A61: 40 | B61: 3 | C61: 90 | D61: 1.15 | E61: 3 | F61: 3 | G61: 0.103 | H61: 0 | I61: 0 | J61: 1 | L61: =IF(ISBLANK(E61),IF(ISBLANK(F61),"",100), IF(E61+F61=0, 0, IF(G61=3600, IF(E61=F61,1,(E61-F61)/E61*100), 0))) -> 0
A62: 40 | B62: 3 | C62: 100 | D62: 1.15 | E62: 3 | F62: 3 | G62: 0.087 | H62: 0 | I62: 0 | J62: 1 | K62: =AVERAGE(G53:G62) -> 0.0923 | L62: =IF(ISBLANK(E62),IF(ISBLANK(F62),"",100), IF(E62+F62=0, 0, IF(G62=3600, IF(E62=F62,1,(E62-F62)/E62*100), 0))) -> 0
A63: 40 | B63: 4 | C63: 10 | D63: 1.15 | E63: 2 | F63: 2 | G63: 0.111 | H63: 0 | I63: 0 | J63: 1 | L63: =IF(ISBLANK(E63),IF(ISBLANK(F63),"",100), IF(E63+F63=0, 0, IF(G63=3600, IF(E63=F63,1,(E63-F63)/E63*100), 0))) -> 0
A64: 40 | B64: 4 | C64: 20 | D64: 1.15 | E64: 2 | F64: 2 | G64: 0.108 | H64: 0 | I64: 0 | J64: 1 | L64: =IF(ISBLANK(E64),IF(ISBLANK(F64),"",100), IF(E64+F64=0, 0, IF(G64=3600, IF(E64=F64,1,(E64-F64)/E64*100), 0))) -> 0
A65: 40 | B65: 4 | C65: 30 | D65: 1.15 | E65: 2 | F65: 2 | G65: 0.12 | H65: 0 | I65: 0 | J65: 1 | L65: =IF(ISBLANK(E65),IF(ISBLANK(F65),"",100), IF(E65+F65=0, 0, IF(G65=3600, IF(E65=F65,1,(E65-F65)/E65*100), 0))) -> 0
A66: 40 | B66: 4 | C66: 40 | D66: 1.15 | E66: 2 | F66: 2 | G66: 0.124 | H66: 0 | I66: 0 | J66: 1 | L66: =IF(ISBLANK(E66),IF(ISBLANK(F66),"",100), IF(E66+F66=0, 0, IF(G66=3600, IF(E66=F66,1,(E66-F66)/E66*100), 0))) -> 0
A67: 40 | B67: 4 | C67: 50 | D67: 1.15 | E67: 2 | F67: 2 | G67: 0.123 | H67: 0 | I67: 0 | J67: 1 | L67: =IF(ISBLANK(E67),IF(ISBLANK(F67),"",100), IF(E67+F67=0, 0, IF(G67=3600, IF(E67=F67,1,(E67-F67)/E67*100), 0))) -> 0
A68: 40 | B68: 4 | C68: 60 | D68: 1.15 | E68: 2 | F68: 2 | G68: 0.125 | H68: 0 | I68: 0 | J68: 1 | L68: =IF(ISBLANK(E68),IF(ISBLANK(F68),"",100), IF(E68+F68=0, 0, IF(G68=3600, IF(E68=F68,1,(E68-F68)/E68*100), 0))) -> 0
A69: 40 | B69: 4 | C69: 70 | D69: 1.15 | E69: 2 | F69: 2 | G69: 0.105 | H69: 0 | I69: 0 | J69: 1 | L69: =IF(ISBLANK(E69),IF(ISBLANK(F69),"",100), IF(E69+F69=0, 0, IF(G69=3600, IF(E69=F69,1,(E69-F69)/E69*100), 0))) -> 0
A70: 40 | B70: 4 | C70: 80 | D70: 1.15 | E70: 2 | F70: 2 | G70: 0.111 | H70: 0 | I70: 0 | J70: 1 | L70: =IF(ISBLANK(E70),IF(ISBLANK(F70),"",100), IF(E70+F70=0, 0, IF(G70=3600, IF(E70=F70,1,(E70-F70)/E70*100), 0))) -> 0
A71: 40 | B71: 4 | C71: 90 | D71: 1.15 | E71: 2 | F71: 2 | G71: 0.123 | H71: 0 | I71: 0 | J71: 1 | L71: =IF(ISBLANK(E71),IF(ISBLANK(F71),"",100), IF(E71+F71=0, 0, IF(G71=3600, IF(E71=F71,1,(E71-F71)/E71*100), 0))) -> 0
A72: 40 | B72: 4 | C72: 100 | D72: 1.15 | E72: 2 | F72: 2 | G72: 0.122 | H72: 0 | I72: 0 | J72: 1 | K72: =AVERAGE(G63:G72) -> 0.1172 | L72: =IF(ISBLANK(E72),IF(ISBLANK(F72),"",100), IF(E72+F72=0, 0, IF(G72=3600, IF(E72=F72,1,(E72-F72)/E72*100), 0))) -> 0
A73: 40 | B73: 5 | C73: 10 | D73: 1.15 | E73: 2 | F73: 2 | G73: 0.251 | H73: 0 | I73: 2 | J73: 1 | L73: =IF(ISBLANK(E73),IF(ISBLANK(F73),"",100), IF(E73+F73=0, 0, IF(G73=3600, IF(E73=F73,1,(E73-F73)/E73*100), 0))) -> 0
A74: 40 | B74: 5 | C74: 20 | D74: 1.15 | E74: 1 | F74: 1 | G74: 0.156 | H74: 0 | I74: 0 | J74: 1 | L74: =IF(ISBLANK(E74),IF(ISBLANK(F74),"",100), IF(E74+F74=0, 0, IF(G74=3600, IF(E74=F74,1,(E74-F74)/E74*100), 0))) -> 0
A75: 40 | B75: 5 | C75: 30 | D75: 1.15 | E75: 2 | F75: 2 | G75: 0.43 | H75: 0 | I75: 1 | J75: 2 | L75: =IF(ISBLANK(E75),IF(ISBLANK(F75),"",100), IF(E75+F75=0, 0, IF(G75=3600, IF(E75=F75,1,(E75-F75)/E75*100), 0))) -> 0
A76: 40 | B76: 5 | C76: 40 | D76: 1.15 | E76: 1 | F76: 1 | G76: 0.171 | H76: 0 | I76: 0 | J76: 1 | L76: =IF(ISBLANK(E76),IF(ISBLANK(F76),"",100), IF(E76+F76=0, 0, IF(G76=3600, IF(E76=F76,1,(E76-F76)/E76*100), 0))) -> 0
A77: 40 | B77: 5 | C77: 50 | D77: 1.15 | E77: 2 | F77: 2 | G77: 0.298 | H77: 0 | I77: 1 | J77: 2 | L77: =IF(ISBLANK(E77),IF(ISBLANK(F77),"",100), IF(E77+F77=0, 0, IF(G77=3600, IF(E77=F77,1,(E77-F77)/E77*100), 0))) -> 0
A78: 40 | B78: 5 | C78: 60 | D78: 1.15 | E78: 1 | F78: 1 | G78: 0.166 | H78: 0 | I78: 0 | J78: 1 | L78: =IF(ISBLANK(E78),IF(ISBLANK(F78),"",100), IF(E78+F78=0, 0, IF(G78=3600, IF(E78=F78,1,(E78-F78)/E78*100), 0))) -> 0
A79: 40 | B79: 5 | C79: 70 | D79: 1.15 | E79: 1 | F79: 1 | G79: 0.167 | H79: 0 | I79: 0 | J79: 1 | L79: =IF(ISBLANK(E79),IF(ISBLANK(F79),"",100), IF(E79+F79=0, 0, IF(G79=3600, IF(E79=F79,1,(E79-F79)/E79*100), 0))) -> 0
A80: 40 | B80: 5 | C80: 80 | D80: 1.15 | E80: 2 | F80: 2 | G80: 0.235 | H80: 0 | I80: 1 | J80: 1 | L80: =IF(ISBLANK(E80),IF(ISBLANK(F80),"",100), IF(E80+F80=0, 0, IF(G80=3600, IF(E80=F80,1,(E80-F80)/E80*100), 0))) -> 0
A81: 40 | B81: 5 | C81: 90 | D81: 1.15 | E81: 2 | F81: 2 | G81: 0.652 | H81: 0 | I81: 3 | J81: 4 | L81: =IF(ISBLANK(E81),IF(ISBLANK(F81),"",100), IF(E81+F81=0, 0, IF(G81=3600, IF(E81=F81,1,(E81-F81)/E81*100), 0))) -> 0
A82: 40 | B82: 5 | C82: 100 | D82: 1.15 | E82: 1 | F82: 1 | G82: 0.172 | H82: 0 | I82: 0 | J82: 1 | K82: =AVERAGE(G73:G82) -> 0.2698 | L82: =IF(ISBLANK(E82),IF(ISBLANK(F82),"",100), IF(E82+F82=0, 0, IF(G82=3600, IF(E82=F82,1,(E82-F82)/E82*100), 0))) -> 0
A83: 50 | B83: 2 | C83: 10 | D83: 1.15 | E83: 5 | F83: 5 | G83: 0.101 | H83: 0 | I83: 0 | J83: 1 | L83: =IF(ISBLANK(E83),IF(ISBLANK(F83),"",100), IF(E83+F83=0, 0, IF(G83=3600, IF(E83=F83,1,(E83-F83)/E83*100), 0))) -> 0
A84: 50 | B84: 2 | C84: 20 | D84: 1.15 | E84: 5 | F84: 5 | G84: 0.117 | H84: 0 | I84: 0 | J84: 1 | L84: =IF(ISBLANK(E84),IF(ISBLANK(F84),"",100), IF(E84+F84=0, 0, IF(G84=3600, IF(E84=F84,1,(E84-F84)/E84*100), 0))) -> 0
A85: 50 | B85: 2 | C85: 30 | D85: 1.15 | E85: 5 | F85: 5 | G85: 0.062 | H85: 0 | I85: 0 | J85: 1 | L85: =IF(ISBLANK(E85),IF(ISBLANK(F85),"",100), IF(E85+F85=0, 0, IF(G85=3600, IF(E85=F85,1,(E85-F85)/E85*100), 0))) -> 0
A86: 50 | B86: 2 | C86: 40 | D86: 1.15 | E86: 5 | F86: 5 | G86: 0.096 | H86: 0 | I86: 0 | J86: 1 | L86: =IF(ISBLANK(E86),IF(ISBLANK(F86),"",100), IF(E86+F86=0, 0, IF(G86=3600, IF(E86=F86,1,(E86-F86)/E86*100), 0))) -> 0
A87: 50 | B87: 2 | C87: 50 | D87: 1.15 | E87: 5 | F87: 5 | G87: 0.107 | H87: 0 | I87: 0 | J87: 1 | L87: =IF(ISBLANK(E87),IF(ISBLANK(F87),"",100), IF(E87+F87=0, 0, IF(G87=3600, IF(E87=F87,1,(E87-F87)/E87*100), 0))) -> 0
A88: 50 | B88: 2 | C88: 60 | D88: 1.15 | E88: 5 | F88: 5 | G88: 0.082 | H88: 0 | I88: 0 | J88: 1 | L88: =IF(ISBLANK(E88),IF(ISBLANK(F88),"",100), IF(E88+F88=0, 0, IF(G88=3600, IF(E88=F88,1,(E88-F88)/E88*100), 0))) -> 0
A89: 50 | B89: 2 | C89: 70 | D89: 1.15 | E89: 5 | F89: 5 | G89: 0.084 | H89: 0 | I89: 0 | J89: 1 | L89: =IF(ISBLANK(E89),IF(ISBLANK(F89),"",100), IF(E89+F89=0, 0, IF(G89=3600, IF(E89=F89,1,(E89-F89)/E89*100), 0))) -> 0
A90: 50 | B90: 2 | C90: 80 | D90: 1.15 | E90: 5 | F90: 5 | G90: 0.095 | H90: 0 | I90: 0 | J90: 1 | L90: =IF(ISBLANK(E90),IF(ISBLANK(F90),"",100), IF(E90+F90=0, 0, IF(G90=3600, IF(E90=F90,1,(E90-F90)/E90*100), 0))) -> 0
A91: 50 | B91: 2 | C91: 90 | D91: 1.15 | E91: 5 | F91: 5 | G91: 0.118 | H91: 0 | I91: 0 | J91: 1 | L91: =IF(ISBLANK(E91),IF(ISBLANK(F91),"",100), IF(E91+F91=0, 0, IF(G91=3600, IF(E91=F91,1,(E91-F91)/E91*100), 0))) -> 0
A92: 50 | B92: 2 | C92: 100 | D92: 1.15 | E92: 5 | F92: 5 | G92: 0.1 | H92: 0 | I92: 0 | J92: 1 | K92: =AVERAGE(G83:G92) -> 0.0962 | L92: =IF(ISBLANK(E92),IF(ISBLANK(F92),"",100), IF(E92+F92=0, 0, IF(G92=3600, IF(E92=F92,1,(E92-F92)/E92*100), 0))) -> 0
A93: 50 | B93: 3 | C93: 10 | D93: 1.15 | E93: 4 | F93: 4 | G93: 0.187 | H93: 0 | I93: 0 | J93: 1 | L93: =IF(ISBLANK(E93),IF(ISBLANK(F93),"",100), IF(E93+F93=0, 0, IF(G93=3600, IF(E93=F93,1,(E93-F93)/E93*100), 0))) -> 0
A94: 50 | B94: 3 | C94: 20 | D94: 1.15 | E94: 4 | F94: 4 | G94: 0.185 | H94: 0 | I94: 0 | J94: 1 | L94: =IF(ISBLANK(E94),IF(ISBLANK(F94),"",100), IF(E94+F94=0, 0, IF(G94=3600, IF(E94=F94,1,(E94-F94)/E94*100), 0))) -> 0
A95: 50 | B95: 3 | C95: 30 | D95: 1.15 | E95: 4 | F95: 4 | G95: 0.153 | H95: 0 | I95: 0 | J95: 1 | L95: =IF(ISBLANK(E95),IF(ISBLANK(F95),"",100), IF(E95+F95=0, 0, IF(G95=3600, IF(E95=F95,1,(E95-F95)/E95*100), 0))) -> 0
A96: 50 | B96: 3 | C96: 40 | D96: 1.15 | E96: 4 | F96: 4 | G96: 0.191 | H96: 0 | I96: 0 | J96: 1 | L96: =IF(ISBLANK(E96),IF(ISBLANK(F96),"",100), IF(E96+F96=0, 0, IF(G96=3600, IF(E96=F96,1,(E96-F96)/E96*100), 0))) -> 0
A97: 50 | B97: 3 | C97: 50 | D97: 1.15 | E97: 4 | F97: 4 | G97: 0.195 | H97: 0 | I97: 0 | J97: 1 | L97: =IF(ISBLANK(E97),IF(ISBLANK(F97),"",100), IF(E97+F97=0, 0, IF(G97=3600, IF(E97=F97,1,(E97-F97)/E97*100), 0))) -> 0
A98: 50 | B98: 3 | C98: 60 | D98: 1.15 | E98: 4 | F98: 4 | G98: 0.167 | H98: 0 | I98: 0 | J98: 1 | L98: =IF(ISBLANK(E98),IF(ISBLANK(F98),"",100), IF(E98+F98=0, 0, IF(G98=3600, IF(E98=F98,1,(E98-F98)/E98*100), 0))) -> 0
A99: 50 | B99: 3 | C99: 70 | D99: 1.15 | E99: 4 | F99: 4 | G99: 0.175 | H99: 0 | I99: 0 | J99: 1 | L99: =IF(ISBLANK(E99),IF(ISBLANK(F99),"",100), IF(E99+F99=0, 0, IF(G99=3600, IF(E99=F99,1,(E99-F99)/E99*100), 0))) -> 0
A100: 50 | B100: 3 | C100: 80 | D100: 1.15 | E100: 4 | F100: 4 | G100: 0.166 | H100: 0 | I100: 0 | J100: 1 | L100: =IF(ISBLANK(E100),IF(ISBLANK(F100),"",100), IF(E100+F100=0, 0, IF(G100=3600, IF(E100=F100,1,(E100-F100)/E100*100), 0))) -> 0
...

Sheet low_high_no_cg
D1: Ours
A2: Job num | B2: Machine num | C2: Seed | D2: Lambda | E2: objective value | F2: lower bound | G2: total time | H2: initial ban num | I2: total ban num | J2: total iter num | K2: AVG | L2: BC GAP
A3: 30 | B3: 2 | C3: 10 | D3: 1.15 | E3: 2 | F3: 2 | G3: 0.015 | H3: 0 | I3: 0 | J3: 1 | L3: =IF(ISBLANK(E3),IF(ISBLANK(F3),"",100), IF(E3+F3=0, 0, IF(G3=3600, IF(E3=F3,1,(E3-F3)/E3*100), 0))) -> 0
A4: 30 | B4: 2 | C4: 20 | D4: 1.15 | E4: 2 | F4: 2 | G4: 0.038 | H4: 0 | I4: 0 | J4: 1 | L4: =IF(ISBLANK(E4),IF(ISBLANK(F4),"",100), IF(E4+F4=0, 0, IF(G4=3600, IF(E4=F4,1,(E4-F4)/E4*100), 0))) -> 0
A5: 30 | B5: 2 | C5: 30 | D5: 1.15 | E5: 2 | F5: 2 | G5: 0.031 | H5: 0 | I5: 0 | J5: 1 | L5: =IF(ISBLANK(E5),IF(ISBLANK(F5),"",100), IF(E5+F5=0, 0, IF(G5=3600, IF(E5=F5,1,(E5-F5)/E5*100), 0))) -> 0
A6: 30 | B6: 2 | C6: 40 | D6: 1.15 | E6: 2 | F6: 2 | G6: 0.012 | H6: 0 | I6: 0 | J6: 1 | L6: =IF(ISBLANK(E6),IF(ISBLANK(F6),"",100), IF(E6+F6=0, 0, IF(G6=3600, IF(E6=F6,1,(E6-F6)/E6*100), 0))) -> 0
A7: 30 | B7: 2 | C7: 50 | D7: 1.15 | E7: 2 | F7: 2 | G7: 0.014 | H7: 0 | I7: 0 | J7: 1 | L7: =IF(ISBLANK(E7),IF(ISBLANK(F7),"",100), IF(E7+F7=0, 0, IF(G7=3600, IF(E7=F7,1,(E7-F7)/E7*100), 0))) -> 0
A8: 30 | B8: 2 | C8: 60 | D8: 1.15 | E8: 2 | F8: 2 | G8: 0.013 | H8: 0 | I8: 0 | J8: 1 | L8: =IF(ISBLANK(E8),IF(ISBLANK(F8),"",100), IF(E8+F8=0, 0, IF(G8=3600, IF(E8=F8,1,(E8-F8)/E8*100), 0))) -> 0
A9: 30 | B9: 2 | C9: 70 | D9: 1.15 | E9: 2 | F9: 2 | G9: 0.035 | H9: 0 | I9: 0 | J9: 1 | L9: =IF(ISBLANK(E9),IF(ISBLANK(F9),"",100), IF(E9+F9=0, 0, IF(G9=3600, IF(E9=F9,1,(E9-F9)/E9*100), 0))) -> 0
A10: 30 | B10: 2 | C10: 80 | D10: 1.15 | E10: 2 | F10: 2 | G10: 0.03 | H10: 0 | I10: 0 | J10: 1 | L10: =IF(ISBLANK(E10),IF(ISBLANK(F10),"",100), IF(E10+F10=0, 0, IF(G10=3600, IF(E10=F10,1,(E10-F10)/E10*100), 0))) -> 0
A11: 30 | B11: 2 | C11: 90 | D11: 1.15 | E11: 2 | F11: 2 | G11: 0.013 | H11: 0 | I11: 0 | J11: 1 | L11: =IF(ISBLANK(E11),IF(ISBLANK(F11),"",100), IF(E11+F11=0, 0, IF(G11=3600, IF(E11=F11,1,(E11-F11)/E11*100), 0))) -> 0
A12: 30 | B12: 2 | C12: 100 | D12: 1.15 | E12: 2 | F12: 2 | G12: 0.033 | H12: 0 | I12: 0 | J12: 1 | K12: =AVERAGE(G3:G12) -> 0.0234 | L12: =IF(ISBLANK(E12),IF(ISBLANK(F12),"",100), IF(E12+F12=0, 0, IF(G12=3600, IF(E12=F12,1,(E12-F12)/E12*100), 0))) -> 0
A13: 30 | B13: 3 | C13: 10 | D13: 1.15 | E13: 1 | F13: 1 | G13: 0.045 | H13: 0 | I13: 0 | J13: 1 | L13: =IF(ISBLANK(E13),IF(ISBLANK(F13),"",100), IF(E13+F13=0, 0, IF(G13=3600, IF(E13=F13,1,(E13-F13)/E13*100), 0))) -> 0
A14: 30 | B14: 3 | C14: 20 | D14: 1.15 | E14: 1 | F14: 1 | G14: 0.045 | H14: 0 | I14: 0 | J14: 1 | L14: =IF(ISBLANK(E14),IF(ISBLANK(F14),"",100), IF(E14+F14=0, 0, IF(G14=3600, IF(E14=F14,1,(E14-F14)/E14*100), 0))) -> 0
A15: 30 | B15: 3 | C15: 30 | D15: 1.15 | E15: 1 | F15: 1 | G15: 0.046 | H15: 0 | I15: 0 | J15: 1 | L15: =IF(ISBLANK(E15),IF(ISBLANK(F15),"",100), IF(E15+F15=0, 0, IF(G15=3600, IF(E15=F15,1,(E15-F15)/E15*100), 0))) -> 0
A16: 30 | B16: 3 | C16: 40 | D16: 1.15 | E16: 1 | F16: 1 | G16: 0.046 | H16: 0 | I16: 0 | J16: 1 | L16: =IF(ISBLANK(E16),IF(ISBLANK(F16),"",100), IF(E16+F16=0, 0, IF(G16=3600, IF(E16=F16,1,(E16-F16)/E16*100), 0))) -> 0
A17: 30 | B17: 3 | C17: 50 | D17: 1.15 | E17: 1 | F17: 1 | G17: 0.045 | H17: 0 | I17: 0 | J17: 1 | L17: =IF(ISBLANK(E17),IF(ISBLANK(F17),"",100), IF(E17+F17=0, 0, IF(G17=3600, IF(E17=F17,1,(E17-F17)/E17*100), 0))) -> 0
A18: 30 | B18: 3 | C18: 60 | D18: 1.15 | E18: 1 | F18: 1 | G18: 0.053 | H18: 0 | I18: 0 | J18: 1 | L18: =IF(ISBLANK(E18),IF(ISBLANK(F18),"",100), IF(E18+F18=0, 0, IF(G18=3600, IF(E18=F18,1,(E18-F18)/E18*100), 0))) -> 0
A19: 30 | B19: 3 | C19: 70 | D19: 1.15 | E19: 1 | F19: 1 | G19: 0.041 | H19: 0 | I19: 0 | J19: 1 | L19: =IF(ISBLANK(E19),IF(ISBLANK(F19),"",100), IF(E19+F19=0, 0, IF(G19=3600, IF(E19=F19,1,(E19-F19)/E19*100), 0))) -> 0
A20: 30 | B20: 3 | C20: 80 | D20: 1.15 | E20: 1 | F20: 1 | G20: 0.05 | H20: 0 | I20: 0 | J20: 1 | L20: =IF(ISBLANK(E20),IF(ISBLANK(F20),"",100), IF(E20+F20=0, 0, IF(G20=3600, IF(E20=F20,1,(E20-F20)/E20*100), 0))) -> 0
A21: 30 | B21: 3 | C21: 90 | D21: 1.15 | E21: 1 | F21: 1 | G21: 0.042 | H21: 0 | I21: 0 | J21: 1 | L21: =IF(ISBLANK(E21),IF(ISBLANK(F21),"",100), IF(E21+F21=0, 0, IF(G21=3600, IF(E21=F21,1,(E21-F21)/E21*100), 0))) -> 0
A22: 30 | B22: 3 | C22: 100 | D22: 1.15 | E22: 1 | F22: 1 | G22: 0.034 | H22: 0 | I22: 0 | J22: 1 | K22: =AVERAGE(G13:G22) -> 0.0447 | L22: =IF(ISBLANK(E22),IF(ISBLANK(F22),"",100), IF(E22+F22=0, 0, IF(G22=3600, IF(E22=F22,1,(E22-F22)/E22*100), 0))) -> 0
A23: 30 | B23: 4 | C23: 10 | D23: 1.15 | E23: 0 | F23: 0 | G23: 0.061 | H23: 0 | I23: 0 | J23: 1 | L23: =IF(ISBLANK(E23),IF(ISBLANK(F23),"",100), IF(E23+F23=0, 0, IF(G23=3600, IF(E23=F23,1,(E23-F23)/E23*100), 0))) -> 0
A24: 30 | B24: 4 | C24: 20 | D24: 1.15 | E24: 0 | F24: 0 | G24: 0.06 | H24: 0 | I24: 0 | J24: 1 | L24: =IF(ISBLANK(E24),IF(ISBLANK(F24),"",100), IF(E24+F24=0, 0, IF(G24=3600, IF(E24=F24,1,(E24-F24)/E24*100), 0))) -> 0
A25: 30 | B25: 4 | C25: 30 | D25: 1.15 | E25: 0 | F25: 0 | G25: 0.063 | H25: 0 | I25: 0 | J25: 1 | L25: =IF(ISBLANK(E25),IF(ISBLANK(F25),"",100), IF(E25+F25=0, 0, IF(G25=3600, IF(E25=F25,1,(E25-F25)/E25*100), 0))) -> 0
A26: 30 | B26: 4 | C26: 40 | D26: 1.15 | E26: 0 | F26: 0 | G26: 0.062 | H26: 0 | I26: 0 | J26: 1 | L26: =IF(ISBLANK(E26),IF(ISBLANK(F26),"",100), IF(E26+F26=0, 0, IF(G26=3600, IF(E26=F26,1,(E26-F26)/E26*100), 0))) -> 0
A27: 30 | B27: 4 | C27: 50 | D27: 1.15 | E27: 0 | F27: 0 | G27: 0.06 | H27: 0 | I27: 0 | J27: 1 | L27: =IF(ISBLANK(E27),IF(ISBLANK(F27),"",100), IF(E27+F27=0, 0, IF(G27=3600, IF(E27=F27,1,(E27-F27)/E27*100), 0))) -> 0
A28: 30 | B28: 4 | C28: 60 | D28: 1.15 | E28: 0 | F28: 0 | G28: 0.065 | H28: 0 | I28: 0 | J28: 1 | L28: =IF(ISBLANK(E28),IF(ISBLANK(F28),"",100), IF(E28+F28=0, 0, IF(G28=3600, IF(E28=F28,1,(E28-F28)/E28*100), 0))) -> 0
A29: 30 | B29: 4 | C29: 70 | D29: 1.15 | E29: 0 | F29: 0 | G29: 0.06 | H29: 0 | I29: 0 | J29: 1 | L29: =IF(ISBLANK(E29),IF(ISBLANK(F29),"",100), IF(E29+F29=0, 0, IF(G29=3600, IF(E29=F29,1,(E29-F29)/E29*100), 0))) -> 0
A30: 30 | B30: 4 | C30: 80 | D30: 1.15 | E30: 0 | F30: 0 | G30: 0.062 | H30: 0 | I30: 0 | J30: 1 | L30: =IF(ISBLANK(E30),IF(ISBLANK(F30),"",100), IF(E30+F30=0, 0, IF(G30=3600, IF(E30=F30,1,(E30-F30)/E30*100), 0))) -> 0
A31: 30 | B31: 4 | C31: 90 | D31: 1.15 | E31: 0 | F31: 0 | G31: 0.061 | H31: 0 | I31: 0 | J31: 1 | L31: =IF(ISBLANK(E31),IF(ISBLANK(F31),"",100), IF(E31+F31=0, 0, IF(G31=3600, IF(E31=F31,1,(E31-F31)/E31*100), 0))) -> 0
A32: 30 | B32: 4 | C32: 100 | D32: 1.15 | E32: 0 | F32: 0 | G32: 0.061 | H32: 0 | I32: 0 | J32: 1 | K32: =AVERAGE(G23:G32) -> 0.0615 | L32: =IF(ISBLANK(E32),IF(ISBLANK(F32),"",100), IF(E32+F32=0, 0, IF(G32=3600, IF(E32=F32,1,(E32-F32)/E32*100), 0))) -> 0
A33: 30 | B33: 5 | C33: 10 | D33: 1.15 | E33: 0 | F33: 0 | G33: 0.06 | H33: 0 | I33: 0 | J33: 1 | L33: =IF(ISBLANK(E33),IF(ISBLANK(F33),"",100), IF(E33+F33=0, 0, IF(G33=3600, IF(E33=F33,1,(E33-F33)/E33*100), 0))) -> 0
A34: 30 | B34: 5 | C34: 20 | D34: 1.15 | E34: 0 | F34: 0 | G34: 0.062 | H34: 0 | I34: 0 | J34: 1 | L34: =IF(ISBLANK(E34),IF(ISBLANK(F34),"",100), IF(E34+F34=0, 0, IF(G34=3600, IF(E34=F34,1,(E34-F34)/E34*100), 0))) -> 0
A35: 30 | B35: 5 | C35: 30 | D35: 1.15 | E35: 0 | F35: 0 | G35: 0.058 | H35: 0 | I35: 0 | J35: 1 | L35: =IF(ISBLANK(E35),IF(ISBLANK(F35),"",100), IF(E35+F35=0, 0, IF(G35=3600, IF(E35=F35,1,(E35-F35)/E35*100), 0))) -> 0
A36: 30 | B36: 5 | C36: 40 | D36: 1.15 | E36: 0 | F36: 0 | G36: 0.066 | H36: 0 | I36: 0 | J36: 1 | L36: =IF(ISBLANK(E36),IF(ISBLANK(F36),"",100), IF(E36+F36=0, 0, IF(G36=3600, IF(E36=F36,1,(E36-F36)/E36*100), 0))) -> 0
A37: 30 | B37: 5 | C37: 50 | D37: 1.15 | E37: 0 | F37: 0 | G37: 0.053 | H37: 0 | I37: 0 | J37: 1 | L37: =IF(ISBLANK(E37),IF(ISBLANK(F37),"",100), IF(E37+F37=0, 0, IF(G37=3600, IF(E37=F37,1,(E37-F37)/E37*100), 0))) -> 0
A38: 30 | B38: 5 | C38: 60 | D38: 1.15 | E38: 0 | F38: 0 | G38: 0.06 | H38: 1 | I38: 1 | J38: 1 | L38: =IF(ISBLANK(E38),IF(ISBLANK(F38),"",100), IF(E38+F38=0, 0, IF(G38=3600, IF(E38=F38,1,(E38-F38)/E38*100), 0))) -> 0
A39: 30 | B39: 5 | C39: 70 | D39: 1.15 | E39: 0 | F39: 0 | G39: 0.06 | H39: 0 | I39: 0 | J39: 1 | L39: =IF(ISBLANK(E39),IF(ISBLANK(F39),"",100), IF(E39+F39=0, 0, IF(G39=3600, IF(E39=F39,1,(E39-F39)/E39*100), 0))) -> 0
A40: 30 | B40: 5 | C40: 80 | D40: 1.15 | E40: 0 | F40: 0 | G40: 0.059 | H40: 0 | I40: 0 | J40: 1 | L40: =IF(ISBLANK(E40),IF(ISBLANK(F40),"",100), IF(E40+F40=0, 0, IF(G40=3600, IF(E40=F40,1,(E40-F40)/E40*100), 0))) -> 0
A41: 30 | B41: 5 | C41: 90 | D41: 1.15 | E41: 0 | F41: 0 | G41: 0.063 | H41: 0 | I41: 0 | J41: 1 | L41: =IF(ISBLANK(E41),IF(ISBLANK(F41),"",100), IF(E41+F41=0, 0, IF(G41=3600, IF(E41=F41,1,(E41-F41)/E41*100), 0))) -> 0
A42: 30 | B42: 5 | C42: 100 | D42: 1.15 | E42: 0 | F42: 0 | G42: 0.064 | H42: 1 | I42: 1 | J42: 1 | K42: =AVERAGE(G33:G42) -> 0.0605 | L42: =IF(ISBLANK(E42),IF(ISBLANK(F42),"",100), IF(E42+F42=0, 0, IF(G42=3600, IF(E42=F42,1,(E42-F42)/E42*100), 0))) -> 0
A43: 40 | B43: 2 | C43: 10 | D43: 1.15 | E43: 4 | F43: 4 | G43: 0.026 | H43: 0 | I43: 0 | J43: 1 | L43: =IF(ISBLANK(E43),IF(ISBLANK(F43),"",100), IF(E43+F43=0, 0, IF(G43=3600, IF(E43=F43,1,(E43-F43)/E43*100), 0))) -> 0
A44: 40 | B44: 2 | C44: 20 | D44: 1.15 | E44: 4 | F44: 4 | G44: 0.021 | H44: 0 | I44: 0 | J44: 1 | L44: =IF(ISBLANK(E44),IF(ISBLANK(F44),"",100), IF(E44+F44=0, 0, IF(G44=3600, IF(E44=F44,1,(E44-F44)/E44*100), 0))) -> 0
A45: 40 | B45: 2 | C45: 30 | D45: 1.15 | E45: 4 | F45: 4 | G45: 0.02 | H45: 0 | I45: 0 | J45: 1 | L45: =IF(ISBLANK(E45),IF(ISBLANK(F45),"",100), IF(E45+F45=0, 0, IF(G45=3600, IF(E45=F45,1,(E45-F45)/E45*100), 0))) -> 0
A46: 40 | B46: 2 | C46: 40 | D46: 1.15 | E46: 4 | F46: 4 | G46: 0.026 | H46: 0 | I46: 0 | J46: 1 | L46: =IF(ISBLANK(E46),IF(ISBLANK(F46),"",100), IF(E46+F46=0, 0, IF(G46=3600, IF(E46=F46,1,(E46-F46)/E46*100), 0))) -> 0
A47: 40 | B47: 2 | C47: 50 | D47: 1.15 | E47: 4 | F47: 4 | G47: 0.036 | H47: 0 | I47: 0 | J47: 1 | L47: =IF(ISBLANK(E47),IF(ISBLANK(F47),"",100), IF(E47+F47=0, 0, IF(G47=3600, IF(E47=F47,1,(E47-F47)/E47*100), 0))) -> 0
A48: 40 | B48: 2 | C48: 60 | D48: 1.15 | E48: 4 | F48: 4 | G48: 0.039 | H48: 0 | I48: 0 | J48: 1 | L48: =IF(ISBLANK(E48),IF(ISBLANK(F48),"",100), IF(E48+F48=0, 0, IF(G48=3600, IF(E48=F48,1,(E48-F48)/E48*100), 0))) -> 0
A49: 40 | B49: 2 | C49: 70 | D49: 1.15 | E49: 4 | F49: 4 | G49: 0.022 | H49: 0 | I49: 0 | J49: 1 | L49: =IF(ISBLANK(E49),IF(ISBLANK(F49),"",100), IF(E49+F49=0, 0, IF(G49=3600, IF(E49=F49,1,(E49-F49)/E49*100), 0))) -> 0
A50: 40 | B50: 2 | C50: 80 | D50: 1.15 | E50: 4 | F50: 4 | G50: 0.021 | H50: 0 | I50: 0 | J50: 1 | L50: =IF(ISBLANK(E50),IF(ISBLANK(F50),"",100), IF(E50+F50=0, 0, IF(G50=3600, IF(E50=F50,1,(E50-F50)/E50*100), 0))) -> 0
A51: 40 | B51: 2 | C51: 90 | D51: 1.15 | E51: 4 | F51: 4 | G51: 0.032 | H51: 0 | I51: 0 | J51: 1 | L51: =IF(ISBLANK(E51),IF(ISBLANK(F51),"",100), IF(E51+F51=0, 0, IF(G51=3600, IF(E51=F51,1,(E51-F51)/E51*100), 0))) -> 0
A52: 40 | B52: 2 | C52: 100 | D52: 1.15 | E52: 4 | F52: 4 | G52: 0.031 | H52: 0 | I52: 0 | J52: 1 | K52: =AVERAGE(G43:G52) -> 0.0274 | L52: =IF(ISBLANK(E52),IF(ISBLANK(F52),"",100), IF(E52+F52=0, 0, IF(G52=3600, IF(E52=F52,1,(E52-F52)/E52*100), 0))) -> 0
A53: 40 | B53: 3 | C53: 10 | D53: 1.15 | E53: 3 | F53: 3 | G53: 0.09 | H53: 0 | I53: 0 | J53: 1 | L53: =IF(ISBLANK(E53),IF(ISBLANK(F53),"",100), IF(E53+F53=0, 0, IF(G53=3600, IF(E53=F53,1,(E53-F53)/E53*100), 0))) -> 0
A54: 40 | B54: 3 | C54: 20 | D54: 1.15 | E54: 3 | F54: 3 | G54: 0.108 | H54: 0 | I54: 0 | J54: 1 | L54: =IF(ISBLANK(E54),IF(ISBLANK(F54),"",100), IF(E54+F54=0, 0, IF(G54=3600, IF(E54=F54,1,(E54-F54)/E54*100), 0))) -> 0
A55: 40 | B55: 3 | C55: 30 | D55: 1.15 | E55: 3 | F55: 3 | G55: 0.071 | H55: 0 | I55: 0 | J55: 1 | L55: =IF(ISBLANK(E55),IF(ISBLANK(F55),"",100), IF(E55+F55=0, 0, IF(G55=3600, IF(E55=F55,1,(E55-F55)/E55*100), 0))) -> 0
A56: 40 | B56: 3 | C56: 40 | D56: 1.15 | E56: 3 | F56: 3 | G56: 0.083 | H56: 0 | I56: 0 | J56: 1 | L56: =IF(ISBLANK(E56),IF(ISBLANK(F56),"",100), IF(E56+F56=0, 0, IF(G56=3600, IF(E56=F56,1,(E56-F56)/E56*100), 0))) -> 0
A57: 40 | B57: 3 | C57: 50 | D57: 1.15 | E57: 3 | F57: 3 | G57: 0.108 | H57: 0 | I57: 0 | J57: 1 | L57: =IF(ISBLANK(E57),IF(ISBLANK(F57),"",100), IF(E57+F57=0, 0, IF(G57=3600, IF(E57=F57,1,(E57-F57)/E57*100), 0))) -> 0
A58: 40 | B58: 3 | C58: 60 | D58: 1.15 | E58: 3 | F58: 3 | G58: 0.092 | H58: 0 | I58: 0 | J58: 1 | L58: =IF(ISBLANK(E58),IF(ISBLANK(F58),"",100), IF(E58+F58=0, 0, IF(G58=3600, IF(E58=F58,1,(E58-F58)/E58*100), 0))) -> 0
A59: 40 | B59: 3 | C59: 70 | D59: 1.15 | E59: 3 | F59: 3 | G59: 0.076 | H59: 0 | I59: 0 | J59: 1 | L59: =IF(ISBLANK(E59),IF(ISBLANK(F59),"",100), IF(E59+F59=0, 0, IF(G59=3600, IF(E59=F59,1,(E59-F59)/E59*100), 0))) -> 0
A60: 40 | B60: 3 | C60: 80 | D60: 1.15 | E60: 3 | F60: 3 | G60: 0.066 | H60: 0 | I60: 0 | J60: 1 | L60: =IF(ISBLANK(E60),IF(ISBLANK(F60),"",100), IF(E60+F60=0, 0, IF(G60=3600, IF(E60=F60,1,(E60-F60)/E60*100), 0))) -> 0
A61: 40 | B61: 3 | C61: 90 | D61: 1.15 | E61: 3 | F61: 3 | G61: 0.092 | H61: 0 | I61: 0 | J61: 1 | L61: =IF(ISBLANK(E61),IF(ISBLANK(F61),"",100), IF(E61+F61=0, 0, IF(G61=3600, IF(E61=F61,1,(E61-F61)/E61*100), 0))) -> 0
A62: 40 | B62: 3 | C62: 100 | D62: 1.15 | E62: 3 | F62: 3 | G62: 0.092 | H62: 0 | I62: 0 | J62: 1 | K62: =AVERAGE(G53:G62) -> 0.0878 | L62: =IF(ISBLANK(E62),IF(ISBLANK(F62),"",100), IF(E62+F62=0, 0, IF(G62=3600, IF(E62=F62,1,(E62-F62)/E62*100), 0))) -> 0
A63: 40 | B63: 4 | C63: 10 | D63: 1.15 | E63: 2 | F63: 2 | G63: 0.095 | H63: 0 | I63: 0 | J63: 1 | L63: =IF(ISBLANK(E63),IF(ISBLANK(F63),"",100), IF(E63+F63=0, 0, IF(G63=3600, IF(E63=F63,1,(E63-F63)/E63*100), 0))) -> 0
A64: 40 | B64: 4 | C64: 20 | D64: 1.15 | E64: 2 | F64: 2 | G64: 0.108 | H64: 0 | I64: 0 | J64: 1 | L64: =IF(ISBLANK(E64),IF(ISBLANK(F64),"",100), IF(E64+F64=0, 0, IF(G64=3600, IF(E64=F64,1,(E64-F64)/E64*100), 0))) -> 0
A65: 40 | B65: 4 | C65: 30 | D65: 1.15 | E65: 2 | F65: 2 | G65: 0.093 | H65: 0 | I65: 0 | J65: 1 | L65: =IF(ISBLANK(E65),IF(ISBLANK(F65),"",100), IF(E65+F65=0, 0, IF(G65=3600, IF(E65=F65,1,(E65-F65)/E65*100), 0))) -> 0
A66: 40 | B66: 4 | C66: 40 | D66: 1.15 | E66: 2 | F66: 2 | G66: 0.093 | H66: 0 | I66: 0 | J66: 1 | L66: =IF(ISBLANK(E66),IF(ISBLANK(F66),"",100), IF(E66+F66=0, 0, IF(G66=3600, IF(E66=F66,1,(E66-F66)/E66*100), 0))) -> 0
A67: 40 | B67: 4 | C67: 50 | D67: 1.15 | E67: 2 | F67: 2 | G67: 0.093 | H67: 0 | I67: 0 | J67: 1 | L67: =IF(ISBLANK(E67),IF(ISBLANK(F67),"",100), IF(E67+F67=0, 0, IF(G67=3600, IF(E67=F67,1,(E67-F67)/E67*100), 0))) -> 0
A68: 40 | B68: 4 | C68: 60 | D68: 1.15 | E68: 2 | F68: 2 | G68: 0.094 | H68: 0 | I68: 0 | J68: 1 | L68: =IF(ISBLANK(E68),IF(ISBLANK(F68),"",100), IF(E68+F68=0, 0, IF(G68=3600, IF(E68=F68,1,(E68-F68)/E68*100), 0))) -> 0
A69: 40 | B69: 4 | C69: 70 | D69: 1.15 | E69: 2 | F69: 2 | G69: 0.091 | H69: 0 | I69: 0 | J69: 1 | L69: =IF(ISBLANK(E69),IF(ISBLANK(F69),"",100), IF(E69+F69=0, 0, IF(G69=3600, IF(E69=F69,1,(E69-F69)/E69*100), 0))) -> 0
A70: 40 | B70: 4 | C70: 80 | D70: 1.15 | E70: 2 | F70: 2 | G70: 0.092 | H70: 0 | I70: 0 | J70: 1 | L70: =IF(ISBLANK(E70),IF(ISBLANK(F70),"",100), IF(E70+F70=0, 0, IF(G70=3600, IF(E70=F70,1,(E70-F70)/E70*100), 0))) -> 0
A71: 40 | B71: 4 | C71: 90 | D71: 1.15 | E71: 2 | F71: 2 | G71: 0.094 | H71: 0 | I71: 0 | J71: 1 | L71: =IF(ISBLANK(E71),IF(ISBLANK(F71),"",100), IF(E71+F71=0, 0, IF(G71=3600, IF(E71=F71,1,(E71-F71)/E71*100), 0))) -> 0
A72: 40 | B72: 4 | C72: 100 | D72: 1.15 | E72: 2 | F72: 2 | G72: 0.108 | H72: 0 | I72: 0 | J72: 1 | K72: =AVERAGE(G63:G72) -> 0.0961 | L72: =IF(ISBLANK(E72),IF(ISBLANK(F72),"",100), IF(E72+F72=0, 0, IF(G72=3600, IF(E72=F72,1,(E72-F72)/E72*100), 0))) -> 0
A73: 40 | B73: 5 | C73: 10 | D73: 1.15 | E73: 1 | F73: 1 | G73: 0.14 | H73: 0 | I73: 0 | J73: 1 | L73: =IF(ISBLANK(E73),IF(ISBLANK(F73),"",100), IF(E73+F73=0, 0, IF(G73=3600, IF(E73=F73,1,(E73-F73)/E73*100), 0))) -> 0
A74: 40 | B74: 5 | C74: 20 | D74: 1.15 | E74: 1 | F74: 1 | G74: 0.153 | H74: 0 | I74: 0 | J74: 1 | L74: =IF(ISBLANK(E74),IF(ISBLANK(F74),"",100), IF(E74+F74=0, 0, IF(G74=3600, IF(E74=F74,1,(E74-F74)/E74*100), 0))) -> 0
A75: 40 | B75: 5 | C75: 30 | D75: 1.15 | E75: 1 | F75: 1 | G75: 0.14 | H75: 0 | I75: 0 | J75: 1 | L75: =IF(ISBLANK(E75),IF(ISBLANK(F75),"",100), IF(E75+F75=0, 0, IF(G75=3600, IF(E75=F75,1,(E75-F75)/E75*100), 0))) -> 0
A76: 40 | B76: 5 | C76: 40 | D76: 1.15 | E76: 1 | F76: 1 | G76: 0.148 | H76: 0 | I76: 0 | J76: 1 | L76: =IF(ISBLANK(E76),IF(ISBLANK(F76),"",100), IF(E76+F76=0, 0, IF(G76=3600, IF(E76=F76,1,(E76-F76)/E76*100), 0))) -> 0
A77: 40 | B77: 5 | C77: 50 | D77: 1.15 | E77: 1 | F77: 1 | G77: 0.164 | H77: 0 | I77: 0 | J77: 1 | L77: =IF(ISBLANK(E77),IF(ISBLANK(F77),"",100), IF(E77+F77=0, 0, IF(G77=3600, IF(E77=F77,1,(E77-F77)/E77*100), 0))) -> 0
A78: 40 | B78: 5 | C78: 60 | D78: 1.15 | E78: 1 | F78: 1 | G78: 0.143 | H78: 0 | I78: 0 | J78: 1 | L78: =IF(ISBLANK(E78),IF(ISBLANK(F78),"",100), IF(E78+F78=0, 0, IF(G78=3600, IF(E78=F78,1,(E78-F78)/E78*100), 0))) -> 0
A79: 40 | B79: 5 | C79: 70 | D79: 1.15 | E79: 1 | F79: 1 | G79: 0.139 | H79: 0 | I79: 0 | J79: 1 | L79: =IF(ISBLANK(E79),IF(ISBLANK(F79),"",100), IF(E79+F79=0, 0, IF(G79=3600, IF(E79=F79,1,(E79-F79)/E79*100), 0))) -> 0
A80: 40 | B80: 5 | C80: 80 | D80: 1.15 | E80: 1 | F80: 1 | G80: 0.139 | H80: 0 | I80: 0 | J80: 1 | L80: =IF(ISBLANK(E80),IF(ISBLANK(F80),"",100), IF(E80+F80=0, 0, IF(G80=3600, IF(E80=F80,1,(E80-F80)/E80*100), 0))) -> 0
A81: 40 | B81: 5 | C81: 90 | D81: 1.15 | E81: 1 | F81: 1 | G81: 0.154 | H81: 0 | I81: 0 | J81: 1 | L81: =IF(ISBLANK(E81),IF(ISBLANK(F81),"",100), IF(E81+F81=0, 0, IF(G81=3600, IF(E81=F81,1,(E81-F81)/E81*100), 0))) -> 0
A82: 40 | B82: 5 | C82: 100 | D82: 1.15 | E82: 1 | F82: 1 | G82: 0.156 | H82: 0 | I82: 0 | J82: 1 | K82: =AVERAGE(G73:G82) -> 0.1476 | L82: =IF(ISBLANK(E82),IF(ISBLANK(F82),"",100), IF(E82+F82=0, 0, IF(G82=3600, IF(E82=F82,1,(E82-F82)/E82*100), 0))) -> 0
A83: 50 | B83: 2 | C83: 10 | D83: 1.15 | E83: 5 | F83: 5 | G83: 0.058 | H83: 0 | I83: 0 | J83: 1 | L83: =IF(ISBLANK(E83),IF(ISBLANK(F83),"",100), IF(E83+F83=0, 0, IF(G83=3600, IF(E83=F83,1,(E83-F83)/E83*100), 0))) -> 0
A84: 50 | B84: 2 | C84: 20 | D84: 1.15 | E84: 5 | F84: 5 | G84: 0.061 | H84: 0 | I84: 0 | J84: 1 | L84: =IF(ISBLANK(E84),IF(ISBLANK(F84),"",100), IF(E84+F84=0, 0, IF(G84=3600, IF(E84=F84,1,(E84-F84)/E84*100), 0))) -> 0
A85: 50 | B85: 2 | C85: 30 | D85: 1.15 | E85: 5 | F85: 5 | G85: 0.022 | H85: 0 | I85: 0 | J85: 1 | L85: =IF(ISBLANK(E85),IF(ISBLANK(F85),"",100), IF(E85+F85=0, 0, IF(G85=3600, IF(E85=F85,1,(E85-F85)/E85*100), 0))) -> 0
A86: 50 | B86: 2 | C86: 40 | D86: 1.15 | E86: 5 | F86: 5 | G86: 0.052 | H86: 0 | I86: 0 | J86: 1 | L86: =IF(ISBLANK(E86),IF(ISBLANK(F86),"",100), IF(E86+F86=0, 0, IF(G86=3600, IF(E86=F86,1,(E86-F86)/E86*100), 0))) -> 0
A87: 50 | B87: 2 | C87: 50 | D87: 1.15 | E87: 5 | F87: 5 | G87: 0.06 | H87: 0 | I87: 0 | J87: 1 | L87: =IF(ISBLANK(E87),IF(ISBLANK(F87),"",100), IF(E87+F87=0, 0, IF(G87=3600, IF(E87=F87,1,(E87-F87)/E87*100), 0))) -> 0
A88: 50 | B88: 2 | C88: 60 | D88: 1.15 | E88: 5 | F88: 5 | G88: 0.034 | H88: 0 | I88: 0 | J88: 1 | L88: =IF(ISBLANK(E88),IF(ISBLANK(F88),"",100), IF(E88+F88=0, 0, IF(G88=3600, IF(E88=F88,1,(E88-F88)/E88*100), 0))) -> 0
A89: 50 | B89: 2 | C89: 70 | D89: 1.15 | E89: 5 | F89: 5 | G89: 181.278 | H89: 0 | I89: 0 | J89: 2 | L89: =IF(ISBLANK(E89),IF(ISBLANK(F89),"",100), IF(E89+F89=0, 0, IF(G89=3600, IF(E89=F89,1,(E89-F89)/E89*100), 0))) -> 0
A90: 50 | B90: 2 | C90: 80 | D90: 1.15 | E90: 5 | F90: 5 | G90: 0.053 | H90: 0 | I90: 0 | J90: 1 | L90: =IF(ISBLANK(E90),IF(ISBLANK(F90),"",100), IF(E90+F90=0, 0, IF(G90=3600, IF(E90=F90,1,(E90-F90)/E90*100), 0))) -> 0
A91: 50 | B91: 2 | C91: 90 | D91: 1.15 | E91: 5 | F91: 5 | G91: 0.064 | H91: 0 | I91: 0 | J91: 1 | L91: =IF(ISBLANK(E91),IF(ISBLANK(F91),"",100), IF(E91+F91=0, 0, IF(G91=3600, IF(E91=F91,1,(E91-F91)/E91*100), 0))) -> 0
A92: 50 | B92: 2 | C92: 100 | D92: 1.15 | E92: 5 | F92: 5 | G92: 0.053 | H92: 0 | I92: 0 | J92: 1 | K92: =AVERAGE(G83:G92) -> 18.1735 | L92: =IF(ISBLANK(E92),IF(ISBLANK(F92),"",100), IF(E92+F92=0, 0, IF(G92=3600, IF(E92=F92,1,(E92-F92)/E92*100), 0))) -> 0
A93: 50 | B93: 3 | C93: 10 | D93: 1.15 | E93: 4 | F93: 4 | G93: 0.13 | H93: 0 | I93: 0 | J93: 1 | L93: =IF(ISBLANK(E93),IF(ISBLANK(F93),"",100), IF(E93+F93=0, 0, IF(G93=3600, IF(E93=F93,1,(E93-F93)/E93*100), 0))) -> 0
A94: 50 | B94: 3 | C94: 20 | D94: 1.15 | E94: 4 | F94: 4 | G94: 0.124 | H94: 0 | I94: 0 | J94: 1 | L94: =IF(ISBLANK(E94),IF(ISBLANK(F94),"",100), IF(E94+F94=0, 0, IF(G94=3600, IF(E94=F94,1,(E94-F94)/E94*100), 0))) -> 0
A95: 50 | B95: 3 | C95: 30 | D95: 1.15 | E95: 4 | F95: 4 | G95: 0.123 | H95: 0 | I95: 0 | J95: 1 | L95: =IF(ISBLANK(E95),IF(ISBLANK(F95),"",100), IF(E95+F95=0, 0, IF(G95=3600, IF(E95=F95,1,(E95-F95)/E95*100), 0))) -> 0
A96: 50 | B96: 3 | C96: 40 | D96: 1.15 | E96: 4 | F96: 4 | G96: 0.115 | H96: 0 | I96: 0 | J96: 1 | L96: =IF(ISBLANK(E96),IF(ISBLANK(F96),"",100), IF(E96+F96=0, 0, IF(G96=3600, IF(E96=F96,1,(E96-F96)/E96*100), 0))) -> 0
A97: 50 | B97: 3 | C97: 50 | D97: 1.15 | E97: 4 | F97: 4 | G97: 0.116 | H97: 0 | I97: 0 | J97: 1 | L97: =IF(ISBLANK(E97),IF(ISBLANK(F97),"",100), IF(E97+F97=0, 0, IF(G97=3600, IF(E97=F97,1,(E97-F97)/E97*100), 0))) -> 0
A98: 50 | B98: 3 | C98: 60 | D98: 1.15 | E98: 4 | F98: 4 | G98: 0.125 | H98: 0 | I98: 0 | J98: 1 | L98: =IF(ISBLANK(E98),IF(ISBLANK(F98),"",100), IF(E98+F98=0, 0, IF(G98=3600, IF(E98=F98,1,(E98-F98)/E98*100), 0))) -> 0
A99: 50 | B99: 3 | C99: 70 | D99: 1.15 | E99: 4 | F99: 4 | G99: 0.121 | H99: 0 | I99: 0 | J99: 1 | L99: =IF(ISBLANK(E99),IF(ISBLANK(F99),"",100), IF(E99+F99=0, 0, IF(G99=3600, IF(E99=F99,1,(E99-F99)/E99*100), 0))) -> 0
A100: 50 | B100: 3 | C100: 80 | D100: 1.15 | E100: 4 | F100: 4 | G100: 0.125 | H100: 0 | I100: 0 | J100: 1 | L100: =IF(ISBLANK(E100),IF(ISBLANK(F100),"",100), IF(E100+F100=0, 0, IF(G100=3600, IF(E100=F100,1,(E100-F100)/E100*100), 0))) -> 0
...

Sheet large_size_no_cg
D1: Ours
A2: Job num | B2: Machine num | C2: Seed | D2: Lambda | E2: objective value | F2: lower bound | G2: total time | H2: initial ban num | I2: total ban num | J2: total iter num | K2: BC GAP | L2: Average time | M2: Success Rate | N2: Average GAP | O2: Average Diff
A3: 100 | B3: 20 | C3: 10 | D3: 1.15 | E3: 1 | F3: 0 | G3: 3600 | H3: 8 | I3: 12 | J3: 2 | K3: =IF(ISBLANK(E3),IF(ISBLANK(F3),"",1), IF(E3+F3=0, 0, IF(G3=3600, IF(E3=F3,1,(E3-F3)/E3), 0))) -> 1
A4: 100 | B4: 20 | C4: 20 | D4: 1.15 | E4: 0 | F4: 0 | G4: 0.235 | H4: 4 | I4: 4 | J4: 1 | K4: =IF(ISBLANK(E4),IF(ISBLANK(F4),"",1), IF(E4+F4=0, 0, IF(G4=3600, IF(E4=F4,1,(E4-F4)/E4), 0))) -> 0
A5: 100 | B5: 20 | C5: 30 | D5: 1.15 | E5: 0 | F5: 0 | G5: 0.213 | H5: 5 | I5: 5 | J5: 1 | K5: =IF(ISBLANK(E5),IF(ISBLANK(F5),"",1), IF(E5+F5=0, 0, IF(G5=3600, IF(E5=F5,1,(E5-F5)/E5), 0))) -> 0
A6: 100 | B6: 20 | C6: 40 | D6: 1.15 | E6: 0 | F6: 0 | G6: 0.381 | H6: 6 | I6: 35 | J6: 1 | K6: =IF(ISBLANK(E6),IF(ISBLANK(F6),"",1), IF(E6+F6=0, 0, IF(G6=3600, IF(E6=F6,1,(E6-F6)/E6), 0))) -> 0
A7: 100 | B7: 20 | C7: 50 | D7: 1.15 | E7: 0 | F7: 0 | G7: 0.279 | H7: 6 | I7: 6 | J7: 1 | K7: =IF(ISBLANK(E7),IF(ISBLANK(F7),"",1), IF(E7+F7=0, 0, IF(G7=3600, IF(E7=F7,1,(E7-F7)/E7), 0))) -> 0
A8: 100 | B8: 20 | C8: 60 | D8: 1.15 | E8: 0 | F8: 0 | G8: 0.437 | H8: 6 | I8: 8 | J8: 1 | K8: =IF(ISBLANK(E8),IF(ISBLANK(F8),"",1), IF(E8+F8=0, 0, IF(G8=3600, IF(E8=F8,1,(E8-F8)/E8), 0))) -> 0
A9: 100 | B9: 20 | C9: 70 | D9: 1.15 | E9: 0 | F9: 0 | G9: 0.279 | H9: 5 | I9: 5 | J9: 1 | K9: =IF(ISBLANK(E9),IF(ISBLANK(F9),"",1), IF(E9+F9=0, 0, IF(G9=3600, IF(E9=F9,1,(E9-F9)/E9), 0))) -> 0
A10: 100 | B10: 20 | C10: 80 | D10: 1.15 | E10: 0 | F10: 0 | G10: 0.218 | H10: 7 | I10: 7 | J10: 1 | K10: =IF(ISBLANK(E10),IF(ISBLANK(F10),"",1), IF(E10+F10=0, 0, IF(G10=3600, IF(E10=F10,1,(E10-F10)/E10), 0))) -> 0
A11: 100 | B11: 20 | C11: 90 | D11: 1.15 | E11: 0 | F11: 0 | G11: 0.317 | H11: 6 | I11: 9 | J11: 1 | K11: =IF(ISBLANK(E11),IF(ISBLANK(F11),"",1), IF(E11+F11=0, 0, IF(G11=3600, IF(E11=F11,1,(E11-F11)/E11), 0))) -> 0
A12: 100 | B12: 20 | C12: 100 | D12: 1.15 | E12: 0 | F12: 0 | G12: 0.23 | H12: 6 | I12: 6 | J12: 1 | K12: =IF(ISBLANK(E12),IF(ISBLANK(F12),"",1), IF(E12+F12=0, 0, IF(G12=3600, IF(E12=F12,1,(E12-F12)/E12), 0))) -> 0 | L12: =AVERAGE(G3:G12) -> 360.2589 | M12: =1-COUNTBLANK(E3:E12)/10 -> 1 | N12: =AVERAGE(K3:K12) -> 0.1 | O12: {=SUMPRODUCT(E3:E12-F3:F12)/10} -> 0.1
A13: 100 | B13: 25 | C13: 10 | D13: 1.15 | E13: 0 | F13: 0 | G13: 0.477 | H13: 10 | I13: 23 | J13: 1 | K13: =IF(ISBLANK(E13),IF(ISBLANK(F13),"",1), IF(E13+F13=0, 0, IF(G13=3600, IF(E13=F13,1,(E13-F13)/E13), 0))) -> 0
A14: 100 | B14: 25 | C14: 20 | D14: 1.15 | E14: 0 | F14: 0 | G14: 0.691 | H14: 12 | I14: 42 | J14: 1 | K14: =IF(ISBLANK(E14),IF(ISBLANK(F14),"",1), IF(E14+F14=0, 0, IF(G14=3600, IF(E14=F14,1,(E14-F14)/E14), 0))) -> 0
A15: 100 | B15: 25 | C15: 30 | D15: 1.15 | E15: 0 | F15: 0 | G15: 0.294 | H15: 11 | I15: 11 | J15: 1 | K15: =IF(ISBLANK(E15),IF(ISBLANK(F15),"",1), IF(E15+F15=0, 0, IF(G15=3600, IF(E15=F15,1,(E15-F15)/E15), 0))) -> 0
A16: 100 | B16: 25 | C16: 40 | D16: 1.15 | E16: 0 | F16: 0 | G16: 1.144 | H16: 12 | I16: 66 | J16: 1 | K16: =IF(ISBLANK(E16),IF(ISBLANK(F16),"",1), IF(E16+F16=0, 0, IF(G16=3600, IF(E16=F16,1,(E16-F16)/E16), 0))) -> 0
A17: 100 | B17: 25 | C17: 50 | D17: 1.15 | E17: 1 | F17: 0 | G17: 3600 | H17: 13 | I17: 37 | J17: 2 | K17: =IF(ISBLANK(E17),IF(ISBLANK(F17),"",1), IF(E17+F17=0, 0, IF(G17=3600, IF(E17=F17,1,(E17-F17)/E17), 0))) -> 1
A18: 100 | B18: 25 | C18: 60 | D18: 1.15 | E18: 0 | F18: 0 | G18: 1.369 | H18: 10 | I18: 87 | J18: 1 | K18: =IF(ISBLANK(E18),IF(ISBLANK(F18),"",1), IF(E18+F18=0, 0, IF(G18=3600, IF(E18=F18,1,(E18-F18)/E18), 0))) -> 0
A19: 100 | B19: 25 | C19: 70 | D19: 1.15 | E19: 0 | F19: 0 | G19: 0.463 | H19: 9 | I19: 18 | J19: 1 | K19: =IF(ISBLANK(E19),IF(ISBLANK(F19),"",1), IF(E19+F19=0, 0, IF(G19=3600, IF(E19=F19,1,(E19-F19)/E19), 0))) -> 0
A20: 100 | B20: 25 | C20: 80 | D20: 1.15 | E20: 0 | F20: 0 | G20: 0.348 | H20: 11 | I20: 11 | J20: 1 | K20: =IF(ISBLANK(E20),IF(ISBLANK(F20),"",1), IF(E20+F20=0, 0, IF(G20=3600, IF(E20=F20,1,(E20-F20)/E20), 0))) -> 0
A21: 100 | B21: 25 | C21: 90 | D21: 1.15 | E21: 0 | F21: 0 | G21: 0.958 | H21: 12 | I21: 43 | J21: 1 | K21: =IF(ISBLANK(E21),IF(ISBLANK(F21),"",1), IF(E21+F21=0, 0, IF(G21=3600, IF(E21=F21,1,(E21-F21)/E21), 0))) -> 0
A22: 100 | B22: 25 | C22: 100 | D22: 1.15 | E22: 2 | F22: 0 | G22: 3600 | H22: 13 | I22: 388 | J22: 2 | K22: =IF(ISBLANK(E22),IF(ISBLANK(F22),"",1), IF(E22+F22=0, 0, IF(G22=3600, IF(E22=F22,1,(E22-F22)/E22), 0))) -> 1 | L22: =AVERAGE(G13:G22) -> 720.5744 | M22: =1-COUNTBLANK(E13:E22)/10 -> 1 | N22: =AVERAGE(K13:K22) -> 0.2 | O22: {=SUMPRODUCT(E13:E22-F13:F22)/10} -> 0.3
A23: 200 | B23: 20 | C23: 10 | D23: 1.15 | E23: 6 | F23: 6 | G23: 1264.116 | H23: 0 | I23: 93 | J23: 12 | K23: =IF(ISBLANK(E23),IF(ISBLANK(F23),"",1), IF(E23+F23=0, 0, IF(G23=3600, IF(E23=F23,1,(E23-F23)/E23), 0))) -> 0
A24: 200 | B24: 20 | C24: 20 | D24: 1.15 | E24: 6 | F24: 6 | G24: 1175.029 | H24: 0 | I24: 77 | J24: 16 | K24: =IF(ISBLANK(E24),IF(ISBLANK(F24),"",1), IF(E24+F24=0, 0, IF(G24=3600, IF(E24=F24,1,(E24-F24)/E24), 0))) -> 0
A25: 200 | B25: 20 | C25: 30 | D25: 1.15 | E25: 6 | F25: 6 | G25: 829.802 | H25: 0 | I25: 68 | J25: 16 | K25: =IF(ISBLANK(E25),IF(ISBLANK(F25),"",1), IF(E25+F25=0, 0, IF(G25=3600, IF(E25=F25,1,(E25-F25)/E25), 0))) -> 0
A26: 200 | B26: 20 | C26: 40 | D26: 1.15 | E26: 6 | F26: 6 | G26: 171.537 | H26: 0 | I26: 34 | J26: 8 | K26: =IF(ISBLANK(E26),IF(ISBLANK(F26),"",1), IF(E26+F26=0, 0, IF(G26=3600, IF(E26=F26,1,(E26-F26)/E26), 0))) -> 0
A27: 200 | B27: 20 | C27: 50 | D27: 1.15 | E27: 7 | F27: 6 | G27: 3600 | H27: 0 | I27: 40 | J27: 5 | K27: =IF(ISBLANK(E27),IF(ISBLANK(F27),"",1), IF(E27+F27=0, 0, IF(G27=3600, IF(E27=F27,1,(E27-F27)/E27), 0))) -> 0.14285714
A28: 200 | B28: 20 | C28: 60 | D28: 1.15 | E28: 6 | F28: 6 | G28: 2001.722 | H28: 0 | I28: 56 | J28: 23 | K28: =IF(ISBLANK(E28),IF(ISBLANK(F28),"",1), IF(E28+F28=0, 0, IF(G28=3600, IF(E28=F28,1,(E28-F28)/E28), 0))) -> 0
A29: 200 | B29: 20 | C29: 70 | D29: 1.15 | E29: 7 | F29: 6 | G29: 3600 | H29: 0 | I29: 94 | J29: 13 | K29: =IF(ISBLANK(E29),IF(ISBLANK(F29),"",1), IF(E29+F29=0, 0, IF(G29=3600, IF(E29=F29,1,(E29-F29)/E29), 0))) -> 0.14285714
A30: 200 | B30: 20 | C30: 80 | D30: 1.15 | E30: 6 | F30: 6 | G30: 52.905 | H30: 0 | I30: 18 | J30: 2 | K30: =IF(ISBLANK(E30),IF(ISBLANK(F30),"",1), IF(E30+F30=0, 0, IF(G30=3600, IF(E30=F30,1,(E30-F30)/E30), 0))) -> 0
A31: 200 | B31: 20 | C31: 90 | D31: 1.15 | E31: 6 | F31: 6 | G31: 754.748 | H31: 0 | I31: 35 | J31: 9 | K31: =IF(ISBLANK(E31),IF(ISBLANK(F31),"",1), IF(E31+F31=0, 0, IF(G31=3600, IF(E31=F31,1,(E31-F31)/E31), 0))) -> 0
A32: 200 | B32: 20 | C32: 100 | D32: 1.15 | E32: 7 | F32: 6 | G32: 3600 | H32: 0 | I32: 79 | J32: 14 | K32: =IF(ISBLANK(E32),IF(ISBLANK(F32),"",1), IF(E32+F32=0, 0, IF(G32=3600, IF(E32=F32,1,(E32-F32)/E32), 0))) -> 0.14285714 | L32: =AVERAGE(G23:G32) -> 1704.9859 | M32: =1-COUNTBLANK(E23:E32)/10 -> 1 | N32: =AVERAGE(K23:K32) -> 0.042857143 | O32: {=SUMPRODUCT(E23:E32-F23:F32)/10} -> 0.3
A33: 200 | B33: 25 | C33: 10 | D33: 1.15 | E33: 3 | F33: 2 | G33: 3600 | H33: 1 | I33: 10 | J33: 5 | K33: =IF(ISBLANK(E33),IF(ISBLANK(F33),"",1), IF(E33+F33=0, 0, IF(G33=3600, IF(E33=F33,1,(E33-F33)/E33), 0))) -> 0.33333333
A34: 200 | B34: 25 | C34: 20 | D34: 1.15 | E34: 2 | F34: 2 | G34: 5.064 | H34: 0 | I34: 0 | J34: 1 | K34: =IF(ISBLANK(E34),IF(ISBLANK(F34),"",1), IF(E34+F34=0, 0, IF(G34=3600, IF(E34=F34,1,(E34-F34)/E34), 0))) -> 0
A35: 200 | B35: 25 | C35: 30 | D35: 1.15 | E35: 1 | F35: 1 | G35: 64.325 | H35: 0 | I35: 5 | J35: 5 | K35: =IF(ISBLANK(E35),IF(ISBLANK(F35),"",1), IF(E35+F35=0, 0, IF(G35=3600, IF(E35=F35,1,(E35-F35)/E35), 0))) -> 0
A36: 200 | B36: 25 | C36: 40 | D36: 1.15 | E36: 1 | F36: 1 | G36: 1.084 | H36: 0 | I36: 0 | J36: 1 | K36: =IF(ISBLANK(E36),IF(ISBLANK(F36),"",1), IF(E36+F36=0, 0, IF(G36=3600, IF(E36=F36,1,(E36-F36)/E36), 0))) -> 0
A37: 200 | B37: 25 | C37: 50 | D37: 1.15 | E37: 1 | F37: 1 | G37: 0.616 | H37: 0 | I37: 0 | J37: 1 | K37: =IF(ISBLANK(E37),IF(ISBLANK(F37),"",1), IF(E37+F37=0, 0, IF(G37=3600, IF(E37=F37,1,(E37-F37)/E37), 0))) -> 0
A38: 200 | B38: 25 | C38: 60 | D38: 1.15 | E38: 3 | F38: 2 | G38: 3600 | H38: 1 | I38: 4 | J38: 4 | K38: =IF(ISBLANK(E38),IF(ISBLANK(F38),"",1), IF(E38+F38=0, 0, IF(G38=3600, IF(E38=F38,1,(E38-F38)/E38), 0))) -> 0.33333333
A39: 200 | B39: 25 | C39: 70 | D39: 1.15 | E39: 1 | F39: 1 | G39: 0.571 | H39: 0 | I39: 0 | J39: 1 | K39: =IF(ISBLANK(E39),IF(ISBLANK(F39),"",1), IF(E39+F39=0, 0, IF(G39=3600, IF(E39=F39,1,(E39-F39)/E39), 0))) -> 0
A40: 200 | B40: 25 | C40: 80 | D40: 1.15 | E40: 1 | F40: 1 | G40: 0.542 | H40: 0 | I40: 0 | J40: 1 | K40: =IF(ISBLANK(E40),IF(ISBLANK(F40),"",1), IF(E40+F40=0, 0, IF(G40=3600, IF(E40=F40,1,(E40-F40)/E40), 0))) -> 0
A41: 200 | B41: 25 | C41: 90 | D41: 1.15 | E41: 1 | F41: 1 | G41: 11.24 | H41: 0 | I41: 2 | J41: 1 | K41: =IF(ISBLANK(E41),IF(ISBLANK(F41),"",1), IF(E41+F41=0, 0, IF(G41=3600, IF(E41=F41,1,(E41-F41)/E41), 0))) -> 0
A42: 200 | B42: 25 | C42: 100 | D42: 1.15 | E42: 2 | F42: 2 | G42: 25.54 | H42: 0 | I42: 22 | J42: 3 | K42: =IF(ISBLANK(E42),IF(ISBLANK(F42),"",1), IF(E42+F42=0, 0, IF(G42=3600, IF(E42=F42,1,(E42-F42)/E42), 0))) -> 0 | L42: =AVERAGE(G33:G42) -> 730.8982 | M42: =1-COUNTBLANK(E33:E42)/10 -> 1 | N42: =AVERAGE(K33:K42) -> 0.066666667 | O42: {=SUMPRODUCT(E33:E42-F33:F42)/10} -> 0.2
K43: =IF(ISBLANK(E43),IF(ISBLANK(F43),"",100), IF(E43+F43=0, 0, IF(G43=3600, IF(E43=F43,1,(E43-F43)/E43*100), 0)))
K44: =IF(ISBLANK(E44),IF(ISBLANK(F44),"",100), IF(E44+F44=0, 0, IF(G44=3600, IF(E44=F44,1,(E44-F44)/E44*100), 0)))
K45: =IF(ISBLANK(E45),IF(ISBLANK(F45),"",100), IF(E45+F45=0, 0, IF(G45=3600, IF(E45=F45,1,(E45-F45)/E45*100), 0)))
K46: =IF(ISBLANK(E46),IF(ISBLANK(F46),"",100), IF(E46+F46=0, 0, IF(G46=3600, IF(E46=F46,1,(E46-F46)/E46*100), 0)))
K47: =IF(ISBLANK(E47),IF(ISBLANK(F47),"",100), IF(E47+F47=0, 0, IF(G47=3600, IF(E47=F47,1,(E47-F47)/E47*100), 0)))
K48: =IF(ISBLANK(E48),IF(ISBLANK(F48),"",100), IF(E48+F48=0, 0, IF(G48=3600, IF(E48=F48,1,(E48-F48)/E48*100), 0)))
K49: =IF(ISBLANK(E49),IF(ISBLANK(F49),"",100), IF(E49+F49=0, 0, IF(G49=3600, IF(E49=F49,1,(E49-F49)/E49*100), 0)))
K50: =IF(ISBLANK(E50),IF(ISBLANK(F50),"",100), IF(E50+F50=0, 0, IF(G50=3600, IF(E50=F50,1,(E50-F50)/E50*100), 0)))
K51: =IF(ISBLANK(E51),IF(ISBLANK(F51),"",100), IF(E51+F51=0, 0, IF(G51=3600, IF(E51=F51,1,(E51-F51)/E51*100), 0)))
K52: =IF(ISBLANK(E52),IF(ISBLANK(F52),"",100), IF(E52+F52=0, 0, IF(G52=3600, IF(E52=F52,1,(E52-F52)/E52*100), 0))) | L52: =AVERAGE(G43:G52) -> #DIV/0!
K53: =IF(ISBLANK(E53),IF(ISBLANK(F53),"",100), IF(E53+F53=0, 0, IF(G53=3600, IF(E53=F53,1,(E53-F53)/E53*100), 0)))
K54: =IF(ISBLANK(E54),IF(ISBLANK(F54),"",100), IF(E54+F54=0, 0, IF(G54=3600, IF(E54=F54,1,(E54-F54)/E54*100), 0)))
K55: =IF(ISBLANK(E55),IF(ISBLANK(F55),"",100), IF(E55+F55=0, 0, IF(G55=3600, IF(E55=F55,1,(E55-F55)/E55*100), 0)))
K56: =IF(ISBLANK(E56),IF(ISBLANK(F56),"",100), IF(E56+F56=0, 0, IF(G56=3600, IF(E56=F56,1,(E56-F56)/E56*100), 0)))
K57: =IF(ISBLANK(E57),IF(ISBLANK(F57),"",100), IF(E57+F57=0, 0, IF(G57=3600, IF(E57=F57,1,(E57-F57)/E57*100), 0)))
K58: =IF(ISBLANK(E58),IF(ISBLANK(F58),"",100), IF(E58+F58=0, 0, IF(G58=3600, IF(E58=F58,1,(E58-F58)/E58*100), 0)))
K59: =IF(ISBLANK(E59),IF(ISBLANK(F59),"",100), IF(E59+F59=0, 0, IF(G59=3600, IF(E59=F59,1,(E59-F59)/E59*100), 0)))
K60: =IF(ISBLANK(E60),IF(ISBLANK(F60),"",100), IF(E60+F60=0, 0, IF(G60=3600, IF(E60=F60,1,(E60-F60)/E60*100), 0)))
K61: =IF(ISBLANK(E61),IF(ISBLANK(F61),"",100), IF(E61+F61=0, 0, IF(G61=3600, IF(E61=F61,1,(E61-F61)/E61*100), 0)))
K62: =IF(ISBLANK(E62),IF(ISBLANK(F62),"",100), IF(E62+F62=0, 0, IF(G62=3600, IF(E62=F62,1,(E62-F62)/E62*100), 0))) | L62: =AVERAGE(G53:G62) -> #DIV/0!
K63: =IF(ISBLANK(E63),IF(ISBLANK(F63),"",100), IF(E63+F63=0, 0, IF(G63=3600, IF(E63=F63,1,(E63-F63)/E63*100), 0)))
K64: =IF(ISBLANK(E64),IF(ISBLANK(F64),"",100), IF(E64+F64=0, 0, IF(G64=3600, IF(E64=F64,1,(E64-F64)/E64*100), 0)))
K65: =IF(ISBLANK(E65),IF(ISBLANK(F65),"",100), IF(E65+F65=0, 0, IF(G65=3600, IF(E65=F65,1,(E65-F65)/E65*100), 0)))
K66: =IF(ISBLANK(E66),IF(ISBLANK(F66),"",100), IF(E66+F66=0, 0, IF(G66=3600, IF(E66=F66,1,(E66-F66)/E66*100), 0)))
K67: =IF(ISBLANK(E67),IF(ISBLANK(F67),"",100), IF(E67+F67=0, 0, IF(G67=3600, IF(E67=F67,1,(E67-F67)/E67*100), 0)))
K68: =IF(ISBLANK(E68),IF(ISBLANK(F68),"",100), IF(E68+F68=0, 0, IF(G68=3600, IF(E68=F68,1,(E68-F68)/E68*100), 0)))
K69: =IF(ISBLANK(E69),IF(ISBLANK(F69),"",100), IF(E69+F69=0, 0, IF(G69=3600, IF(E69=F69,1,(E69-F69)/E69*100), 0)))
K70: =IF(ISBLANK(E70),IF(ISBLANK(F70),"",100), IF(E70+F70=0, 0, IF(G70=3600, IF(E70=F70,1,(E70-F70)/E70*100), 0)))
K71: =IF(ISBLANK(E71),IF(ISBLANK(F71),"",100), IF(E71+F71=0, 0, IF(G71=3600, IF(E71=F71,1,(E71-F71)/E71*100), 0)))
K72: =IF(ISBLANK(E72),IF(ISBLANK(F72),"",100), IF(E72+F72=0, 0, IF(G72=3600, IF(E72=F72,1,(E72-F72)/E72*100), 0))) | L72: =AVERAGE(G63:G72) -> #DIV/0!
K73: =IF(ISBLANK(E73),IF(ISBLANK(F73),"",100), IF(E73+F73=0, 0, IF(G73=3600, IF(E73=F73,1,(E73-F73)/E73*100), 0)))
K74: =IF(ISBLANK(E74),IF(ISBLANK(F74),"",100), IF(E74+F74=0, 0, IF(G74=3600, IF(E74=F74,1,(E74-F74)/E74*100), 0)))
K75: =IF(ISBLANK(E75),IF(ISBLANK(F75),"",100), IF(E75+F75=0, 0, IF(G75=3600, IF(E75=F75,1,(E75-F75)/E75*100), 0)))
K76: =IF(ISBLANK(E76),IF(ISBLANK(F76),"",100), IF(E76+F76=0, 0, IF(G76=3600, IF(E76=F76,1,(E76-F76)/E76*100), 0)))
K77: =IF(ISBLANK(E77),IF(ISBLANK(F77),"",100), IF(E77+F77=0, 0, IF(G77=3600, IF(E77=F77,1,(E77-F77)/E77*100), 0)))
K78: =IF(ISBLANK(E78),IF(ISBLANK(F78),"",100), IF(E78+F78=0, 0, IF(G78=3600, IF(E78=F78,1,(E78-F78)/E78*100), 0)))
K79: =IF(ISBLANK(E79),IF(ISBLANK(F79),"",100), IF(E79+F79=0, 0, IF(G79=3600, IF(E79=F79,1,(E79-F79)/E79*100), 0)))
K80: =IF(ISBLANK(E80),IF(ISBLANK(F80),"",100), IF(E80+F80=0, 0, IF(G80=3600, IF(E80=F80,1,(E80-F80)/E80*100), 0)))
K81: =IF(ISBLANK(E81),IF(ISBLANK(F81),"",100), IF(E81+F81=0, 0, IF(G81=3600, IF(E81=F81,1,(E81-F81)/E81*100), 0)))
K82: =IF(ISBLANK(E82),IF(ISBLANK(F82),"",100), IF(E82+F82=0, 0, IF(G82=3600, IF(E82=F82,1,(E82-F82)/E82*100), 0))) | L82: =AVERAGE(G73:G82) -> #DIV/0!
D83: =AVERAGE(D3:D82) -> 1.15 | E83: =AVERAGE(E3:E82) -> 2.075 | F83: =AVERAGE(F3:F82) -> 1.85 | G83: =AVERAGE(G3:G82) -> 879.17935 | H83: =SUM(H3:H82) -> 174 | I83: =SUM(I3:I82) -> 1460 | J83: =SUM(J3:J82) -> 164 | K83: =COUNTIF(K3:K82,">0") -> 8
D163: =AVERAGE(D12:D82) -> 1.15 | E163: =SUM(E12:E82) -> 82 | F163: =SUM(F12:F82) -> 74 | K163: =COUNTIF(K12:K82,">0") -> 7 | L163: =AVERAGE(L12:L82) -> #DIV/0!

Sheet no_observation
D1: Ours
A2: Job num | B2: Machine num | C2: Seed | D2: Lambda | E2: objective value | F2: lower bound | G2: total time | H2: initial ban num | I2: total ban num | J2: total iter num | K2: AVG | L2: BC GAP
A3: 30 | B3: 2 | C3: 10 | D3: 1.15 | E3: 2 | F3: 2 | G3: 0.105 | H3: 0 | I3: 0 | J3: 1 | L3: =IF(ISBLANK(E3),IF(ISBLANK(F3),"",100), IF(E3+F3=0, 0, IF(G3=3600, IF(E3=F3,1,(E3-F3)/E3*100), 0))) -> 0
A4: 30 | B4: 2 | C4: 20 | D4: 1.15 | F4: 2 | G4: 3600 | H4: 0 | I4: 0 | J4: 2 | L4: =IF(ISBLANK(E4),IF(ISBLANK(F4),"",100), IF(E4+F4=0, 0, IF(G4=3600, IF(E4=F4,1,(E4-F4)/E4*100), 0))) -> 100
A5: 30 | B5: 2 | C5: 30 | D5: 1.15 | E5: 2 | F5: 2 | G5: 0.145 | H5: 0 | I5: 0 | J5: 1 | L5: =IF(ISBLANK(E5),IF(ISBLANK(F5),"",100), IF(E5+F5=0, 0, IF(G5=3600, IF(E5=F5,1,(E5-F5)/E5*100), 0))) -> 0
A6: 30 | B6: 2 | C6: 40 | D6: 1.15 | E6: 2 | F6: 2 | G6: 0.107 | H6: 0 | I6: 0 | J6: 1 | L6: =IF(ISBLANK(E6),IF(ISBLANK(F6),"",100), IF(E6+F6=0, 0, IF(G6=3600, IF(E6=F6,1,(E6-F6)/E6*100), 0))) -> 0
A7: 30 | B7: 2 | C7: 50 | D7: 1.15 | E7: 2 | F7: 2 | G7: 0.075 | H7: 0 | I7: 0 | J7: 1 | L7: =IF(ISBLANK(E7),IF(ISBLANK(F7),"",100), IF(E7+F7=0, 0, IF(G7=3600, IF(E7=F7,1,(E7-F7)/E7*100), 0))) -> 0
A8: 30 | B8: 2 | C8: 60 | D8: 1.15 | E8: 2 | F8: 2 | G8: 0.091 | H8: 0 | I8: 0 | J8: 1 | L8: =IF(ISBLANK(E8),IF(ISBLANK(F8),"",100), IF(E8+F8=0, 0, IF(G8=3600, IF(E8=F8,1,(E8-F8)/E8*100), 0))) -> 0
A9: 30 | B9: 2 | C9: 70 | D9: 1.15 | F9: 2 | G9: 3600 | H9: 0 | I9: 0 | J9: 2 | L9: =IF(ISBLANK(E9),IF(ISBLANK(F9),"",100), IF(E9+F9=0, 0, IF(G9=3600, IF(E9=F9,1,(E9-F9)/E9*100), 0))) -> 100
A10: 30 | B10: 2 | C10: 80 | D10: 1.15 | E10: 2 | F10: 2 | G10: 0.119 | H10: 0 | I10: 0 | J10: 1 | L10: =IF(ISBLANK(E10),IF(ISBLANK(F10),"",100), IF(E10+F10=0, 0, IF(G10=3600, IF(E10=F10,1,(E10-F10)/E10*100), 0))) -> 0
A11: 30 | B11: 2 | C11: 90 | D11: 1.15 | E11: 2 | F11: 2 | G11: 0.102 | H11: 0 | I11: 0 | J11: 1 | L11: =IF(ISBLANK(E11),IF(ISBLANK(F11),"",100), IF(E11+F11=0, 0, IF(G11=3600, IF(E11=F11,1,(E11-F11)/E11*100), 0))) -> 0
A12: 30 | B12: 2 | C12: 100 | D12: 1.15 | E12: 2 | F12: 2 | G12: 0.088 | H12: 0 | I12: 0 | J12: 1 | K12: =AVERAGE(G3:G12) -> 720.0832 | L12: =IF(ISBLANK(E12),IF(ISBLANK(F12),"",100), IF(E12+F12=0, 0, IF(G12=3600, IF(E12=F12,1,(E12-F12)/E12*100), 0))) -> 0
A13: 30 | B13: 3 | C13: 10 | D13: 1.15 | E13: 1 | F13: 1 | G13: 0.075 | H13: 0 | I13: 0 | J13: 1 | L13: =IF(ISBLANK(E13),IF(ISBLANK(F13),"",100), IF(E13+F13=0, 0, IF(G13=3600, IF(E13=F13,1,(E13-F13)/E13*100), 0))) -> 0
A14: 30 | B14: 3 | C14: 20 | D14: 1.15 | E14: 1 | F14: 1 | G14: 0.072 | H14: 0 | I14: 0 | J14: 1 | L14: =IF(ISBLANK(E14),IF(ISBLANK(F14),"",100), IF(E14+F14=0, 0, IF(G14=3600, IF(E14=F14,1,(E14-F14)/E14*100), 0))) -> 0
A15: 30 | B15: 3 | C15: 30 | D15: 1.15 | E15: 1 | F15: 1 | G15: 0.076 | H15: 0 | I15: 0 | J15: 1 | L15: =IF(ISBLANK(E15),IF(ISBLANK(F15),"",100), IF(E15+F15=0, 0, IF(G15=3600, IF(E15=F15,1,(E15-F15)/E15*100), 0))) -> 0
A16: 30 | B16: 3 | C16: 40 | D16: 1.15 | E16: 1 | F16: 1 | G16: 0.085 | H16: 0 | I16: 0 | J16: 1 | L16: =IF(ISBLANK(E16),IF(ISBLANK(F16),"",100), IF(E16+F16=0, 0, IF(G16=3600, IF(E16=F16,1,(E16-F16)/E16*100), 0))) -> 0
A17: 30 | B17: 3 | C17: 50 | D17: 1.15 | E17: 2 | F17: 2 | G17: 16.577 | H17: 0 | I17: 1 | J17: 3 | L17: =IF(ISBLANK(E17),IF(ISBLANK(F17),"",100), IF(E17+F17=0, 0, IF(G17=3600, IF(E17=F17,1,(E17-F17)/E17*100), 0))) -> 0
A18: 30 | B18: 3 | C18: 60 | D18: 1.15 | E18: 2 | F18: 2 | G18: 0.467 | H18: 0 | I18: 1 | J18: 3 | L18: =IF(ISBLANK(E18),IF(ISBLANK(F18),"",100), IF(E18+F18=0, 0, IF(G18=3600, IF(E18=F18,1,(E18-F18)/E18*100), 0))) -> 0
A19: 30 | B19: 3 | C19: 70 | D19: 1.15 | E19: 1 | F19: 1 | G19: 0.063 | H19: 0 | I19: 0 | J19: 1 | L19: =IF(ISBLANK(E19),IF(ISBLANK(F19),"",100), IF(E19+F19=0, 0, IF(G19=3600, IF(E19=F19,1,(E19-F19)/E19*100), 0))) -> 0
A20: 30 | B20: 3 | C20: 80 | D20: 1.15 | E20: 1 | F20: 1 | G20: 0.058 | H20: 0 | I20: 0 | J20: 1 | L20: =IF(ISBLANK(E20),IF(ISBLANK(F20),"",100), IF(E20+F20=0, 0, IF(G20=3600, IF(E20=F20,1,(E20-F20)/E20*100), 0))) -> 0
A21: 30 | B21: 3 | C21: 90 | D21: 1.15 | E21: 1 | F21: 1 | G21: 0.076 | H21: 0 | I21: 0 | J21: 1 | L21: =IF(ISBLANK(E21),IF(ISBLANK(F21),"",100), IF(E21+F21=0, 0, IF(G21=3600, IF(E21=F21,1,(E21-F21)/E21*100), 0))) -> 0
A22: 30 | B22: 3 | C22: 100 | D22: 1.15 | E22: 1 | F22: 1 | G22: 0.059 | H22: 0 | I22: 0 | J22: 1 | K22: =AVERAGE(G13:G22) -> 1.7608 | L22: =IF(ISBLANK(E22),IF(ISBLANK(F22),"",100), IF(E22+F22=0, 0, IF(G22=3600, IF(E22=F22,1,(E22-F22)/E22*100), 0))) -> 0
A23: 30 | B23: 4 | C23: 10 | D23: 1.15 | E23: 0 | F23: 0 | G23: 0.046 | H23: 0 | I23: 0 | J23: 1 | L23: =IF(ISBLANK(E23),IF(ISBLANK(F23),"",100), IF(E23+F23=0, 0, IF(G23=3600, IF(E23=F23,1,(E23-F23)/E23*100), 0))) -> 0
A24: 30 | B24: 4 | C24: 20 | D24: 1.15 | E24: 0 | F24: 0 | G24: 0.046 | H24: 0 | I24: 0 | J24: 1 | L24: =IF(ISBLANK(E24),IF(ISBLANK(F24),"",100), IF(E24+F24=0, 0, IF(G24=3600, IF(E24=F24,1,(E24-F24)/E24*100), 0))) -> 0
A25: 30 | B25: 4 | C25: 30 | D25: 1.15 | E25: 0 | F25: 0 | G25: 0.045 | H25: 0 | I25: 0 | J25: 1 | L25: =IF(ISBLANK(E25),IF(ISBLANK(F25),"",100), IF(E25+F25=0, 0, IF(G25=3600, IF(E25=F25,1,(E25-F25)/E25*100), 0))) -> 0
A26: 30 | B26: 4 | C26: 40 | D26: 1.15 | E26: 0 | F26: 0 | G26: 0.044 | H26: 0 | I26: 0 | J26: 1 | L26: =IF(ISBLANK(E26),IF(ISBLANK(F26),"",100), IF(E26+F26=0, 0, IF(G26=3600, IF(E26=F26,1,(E26-F26)/E26*100), 0))) -> 0
A27: 30 | B27: 4 | C27: 50 | D27: 1.15 | E27: 0 | F27: 0 | G27: 0.046 | H27: 0 | I27: 0 | J27: 1 | L27: =IF(ISBLANK(E27),IF(ISBLANK(F27),"",100), IF(E27+F27=0, 0, IF(G27=3600, IF(E27=F27,1,(E27-F27)/E27*100), 0))) -> 0
A28: 30 | B28: 4 | C28: 60 | D28: 1.15 | E28: 0 | F28: 0 | G28: 0.046 | H28: 0 | I28: 0 | J28: 1 | L28: =IF(ISBLANK(E28),IF(ISBLANK(F28),"",100), IF(E28+F28=0, 0, IF(G28=3600, IF(E28=F28,1,(E28-F28)/E28*100), 0))) -> 0
A29: 30 | B29: 4 | C29: 70 | D29: 1.15 | E29: 0 | F29: 0 | G29: 0.045 | H29: 0 | I29: 0 | J29: 1 | L29: =IF(ISBLANK(E29),IF(ISBLANK(F29),"",100), IF(E29+F29=0, 0, IF(G29=3600, IF(E29=F29,1,(E29-F29)/E29*100), 0))) -> 0
A30: 30 | B30: 4 | C30: 80 | D30: 1.15 | E30: 0 | F30: 0 | G30: 0.045 | H30: 0 | I30: 0 | J30: 1 | L30: =IF(ISBLANK(E30),IF(ISBLANK(F30),"",100), IF(E30+F30=0, 0, IF(G30=3600, IF(E30=F30,1,(E30-F30)/E30*100), 0))) -> 0
A31: 30 | B31: 4 | C31: 90 | D31: 1.15 | E31: 0 | F31: 0 | G31: 0.045 | H31: 0 | I31: 0 | J31: 1 | L31: =IF(ISBLANK(E31),IF(ISBLANK(F31),"",100), IF(E31+F31=0, 0, IF(G31=3600, IF(E31=F31,1,(E31-F31)/E31*100), 0))) -> 0
A32: 30 | B32: 4 | C32: 100 | D32: 1.15 | E32: 1 | F32: 1 | G32: 0.048 | H32: 1 | I32: 1 | J32: 1 | K32: =AVERAGE(G23:G32) -> 0.0456 | L32: =IF(ISBLANK(E32),IF(ISBLANK(F32),"",100), IF(E32+F32=0, 0, IF(G32=3600, IF(E32=F32,1,(E32-F32)/E32*100), 0))) -> 0
A33: 30 | B33: 5 | C33: 10 | D33: 1.15 | E33: 0 | F33: 0 | G33: 0.045 | H33: 1 | I33: 1 | J33: 1 | L33: =IF(ISBLANK(E33),IF(ISBLANK(F33),"",100), IF(E33+F33=0, 0, IF(G33=3600, IF(E33=F33,1,(E33-F33)/E33*100), 0))) -> 0
A34: 30 | B34: 5 | C34: 20 | D34: 1.15 | E34: 0 | F34: 0 | G34: 0.045 | H34: 1 | I34: 1 | J34: 1 | L34: =IF(ISBLANK(E34),IF(ISBLANK(F34),"",100), IF(E34+F34=0, 0, IF(G34=3600, IF(E34=F34,1,(E34-F34)/E34*100), 0))) -> 0
A35: 30 | B35: 5 | C35: 30 | D35: 1.15 | E35: 0 | F35: 0 | G35: 0.045 | H35: 0 | I35: 0 | J35: 1 | L35: =IF(ISBLANK(E35),IF(ISBLANK(F35),"",100), IF(E35+F35=0, 0, IF(G35=3600, IF(E35=F35,1,(E35-F35)/E35*100), 0))) -> 0
A36: 30 | B36: 5 | C36: 40 | D36: 1.15 | E36: 0 | F36: 0 | G36: 0.043 | H36: 1 | I36: 1 | J36: 1 | L36: =IF(ISBLANK(E36),IF(ISBLANK(F36),"",100), IF(E36+F36=0, 0, IF(G36=3600, IF(E36=F36,1,(E36-F36)/E36*100), 0))) -> 0
A37: 30 | B37: 5 | C37: 50 | D37: 1.15 | E37: 0 | F37: 0 | G37: 0.049 | H37: 1 | I37: 1 | J37: 1 | L37: =IF(ISBLANK(E37),IF(ISBLANK(F37),"",100), IF(E37+F37=0, 0, IF(G37=3600, IF(E37=F37,1,(E37-F37)/E37*100), 0))) -> 0
A38: 30 | B38: 5 | C38: 60 | D38: 1.15 | E38: 0 | F38: 0 | G38: 0.046 | H38: 1 | I38: 1 | J38: 1 | L38: =IF(ISBLANK(E38),IF(ISBLANK(F38),"",100), IF(E38+F38=0, 0, IF(G38=3600, IF(E38=F38,1,(E38-F38)/E38*100), 0))) -> 0
A39: 30 | B39: 5 | C39: 70 | D39: 1.15 | E39: 0 | F39: 0 | G39: 0.045 | H39: 0 | I39: 0 | J39: 1 | L39: =IF(ISBLANK(E39),IF(ISBLANK(F39),"",100), IF(E39+F39=0, 0, IF(G39=3600, IF(E39=F39,1,(E39-F39)/E39*100), 0))) -> 0
A40: 30 | B40: 5 | C40: 80 | D40: 1.15 | E40: 0 | F40: 0 | G40: 0.045 | H40: 0 | I40: 0 | J40: 1 | L40: =IF(ISBLANK(E40),IF(ISBLANK(F40),"",100), IF(E40+F40=0, 0, IF(G40=3600, IF(E40=F40,1,(E40-F40)/E40*100), 0))) -> 0
A41: 30 | B41: 5 | C41: 90 | D41: 1.15 | E41: 0 | F41: 0 | G41: 0.044 | H41: 1 | I41: 1 | J41: 1 | L41: =IF(ISBLANK(E41),IF(ISBLANK(F41),"",100), IF(E41+F41=0, 0, IF(G41=3600, IF(E41=F41,1,(E41-F41)/E41*100), 0))) -> 0
A42: 30 | B42: 5 | C42: 100 | D42: 1.15 | E42: 0 | F42: 0 | G42: 0.047 | H42: 1 | I42: 1 | J42: 1 | K42: =AVERAGE(G33:G42) -> 0.0454 | L42: =IF(ISBLANK(E42),IF(ISBLANK(F42),"",100), IF(E42+F42=0, 0, IF(G42=3600, IF(E42=F42,1,(E42-F42)/E42*100), 0))) -> 0
A43: 40 | B43: 2 | C43: 10 | D43: 1.15 | F43: 4 | G43: 3600 | H43: 0 | I43: 0 | J43: 2 | L43: =IF(ISBLANK(E43),IF(ISBLANK(F43),"",100), IF(E43+F43=0, 0, IF(G43=3600, IF(E43=F43,1,(E43-F43)/E43*100), 0))) -> 100
A44: 40 | B44: 2 | C44: 20 | D44: 1.15 | F44: 4 | G44: 3600 | H44: 0 | I44: 0 | J44: 2 | L44: =IF(ISBLANK(E44),IF(ISBLANK(F44),"",100), IF(E44+F44=0, 0, IF(G44=3600, IF(E44=F44,1,(E44-F44)/E44*100), 0))) -> 100
A45: 40 | B45: 2 | C45: 30 | D45: 1.15 | F45: 4 | G45: 3600 | H45: 0 | I45: 0 | J45: 2 | L45: =IF(ISBLANK(E45),IF(ISBLANK(F45),"",100), IF(E45+F45=0, 0, IF(G45=3600, IF(E45=F45,1,(E45-F45)/E45*100), 0))) -> 100
A46: 40 | B46: 2 | C46: 40 | D46: 1.15 | E46: 4 | F46: 4 | G46: 53.644 | H46: 0 | I46: 0 | J46: 2 | L46: =IF(ISBLANK(E46),IF(ISBLANK(F46),"",100), IF(E46+F46=0, 0, IF(G46=3600, IF(E46=F46,1,(E46-F46)/E46*100), 0))) -> 0
A47: 40 | B47: 2 | C47: 50 | D47: 1.15 | F47: 4 | G47: 3600 | H47: 0 | I47: 0 | J47: 2 | L47: =IF(ISBLANK(E47),IF(ISBLANK(F47),"",100), IF(E47+F47=0, 0, IF(G47=3600, IF(E47=F47,1,(E47-F47)/E47*100), 0))) -> 100
A48: 40 | B48: 2 | C48: 60 | D48: 1.15 | E48: 4 | F48: 4 | G48: 14.766 | H48: 0 | I48: 0 | J48: 2 | L48: =IF(ISBLANK(E48),IF(ISBLANK(F48),"",100), IF(E48+F48=0, 0, IF(G48=3600, IF(E48=F48,1,(E48-F48)/E48*100), 0))) -> 0
A49: 40 | B49: 2 | C49: 70 | D49: 1.15 | E49: 4 | F49: 4 | G49: 350.372 | H49: 0 | I49: 0 | J49: 5 | L49: =IF(ISBLANK(E49),IF(ISBLANK(F49),"",100), IF(E49+F49=0, 0, IF(G49=3600, IF(E49=F49,1,(E49-F49)/E49*100), 0))) -> 0
A50: 40 | B50: 2 | C50: 80 | D50: 1.15 | E50: 4 | F50: 4 | G50: 0.217 | H50: 0 | I50: 0 | J50: 1 | L50: =IF(ISBLANK(E50),IF(ISBLANK(F50),"",100), IF(E50+F50=0, 0, IF(G50=3600, IF(E50=F50,1,(E50-F50)/E50*100), 0))) -> 0
A51: 40 | B51: 2 | C51: 90 | D51: 1.15 | F51: 4 | G51: 3600 | H51: 0 | I51: 0 | J51: 2 | L51: =IF(ISBLANK(E51),IF(ISBLANK(F51),"",100), IF(E51+F51=0, 0, IF(G51=3600, IF(E51=F51,1,(E51-F51)/E51*100), 0))) -> 100
A52: 40 | B52: 2 | C52: 100 | D52: 1.15 | E52: 5 | F52: 4 | G52: 3600 | H52: 0 | I52: 0 | J52: 3 | K52: =AVERAGE(G43:G52) -> 2201.8999 | L52: =IF(ISBLANK(E52),IF(ISBLANK(F52),"",100), IF(E52+F52=0, 0, IF(G52=3600, IF(E52=F52,1,(E52-F52)/E52*100), 0))) -> 20
A53: 40 | B53: 3 | C53: 10 | D53: 1.15 | E53: 3 | F53: 3 | G53: 0.168 | H53: 0 | I53: 0 | J53: 1 | L53: =IF(ISBLANK(E53),IF(ISBLANK(F53),"",100), IF(E53+F53=0, 0, IF(G53=3600, IF(E53=F53,1,(E53-F53)/E53*100), 0))) -> 0
A54: 40 | B54: 3 | C54: 20 | D54: 1.15 | F54: 3 | G54: 3600 | H54: 0 | I54: 0 | J54: 2 | L54: =IF(ISBLANK(E54),IF(ISBLANK(F54),"",100), IF(E54+F54=0, 0, IF(G54=3600, IF(E54=F54,1,(E54-F54)/E54*100), 0))) -> 100
A55: 40 | B55: 3 | C55: 30 | D55: 1.15 | E55: 3 | F55: 3 | G55: 0.164 | H55: 0 | I55: 0 | J55: 1 | L55: =IF(ISBLANK(E55),IF(ISBLANK(F55),"",100), IF(E55+F55=0, 0, IF(G55=3600, IF(E55=F55,1,(E55-F55)/E55*100), 0))) -> 0
A56: 40 | B56: 3 | C56: 40 | D56: 1.15 | E56: 3 | F56: 3 | G56: 1.337 | H56: 0 | I56: 0 | J56: 2 | L56: =IF(ISBLANK(E56),IF(ISBLANK(F56),"",100), IF(E56+F56=0, 0, IF(G56=3600, IF(E56=F56,1,(E56-F56)/E56*100), 0))) -> 0
A57: 40 | B57: 3 | C57: 50 | D57: 1.15 | E57: 3 | F57: 3 | G57: 0.108 | H57: 0 | I57: 0 | J57: 1 | L57: =IF(ISBLANK(E57),IF(ISBLANK(F57),"",100), IF(E57+F57=0, 0, IF(G57=3600, IF(E57=F57,1,(E57-F57)/E57*100), 0))) -> 0
A58: 40 | B58: 3 | C58: 60 | D58: 1.15 | E58: 3 | F58: 3 | G58: 0.299 | H58: 0 | I58: 0 | J58: 2 | L58: =IF(ISBLANK(E58),IF(ISBLANK(F58),"",100), IF(E58+F58=0, 0, IF(G58=3600, IF(E58=F58,1,(E58-F58)/E58*100), 0))) -> 0
A59: 40 | B59: 3 | C59: 70 | D59: 1.15 | E59: 3 | F59: 3 | G59: 0.872 | H59: 0 | I59: 0 | J59: 2 | L59: =IF(ISBLANK(E59),IF(ISBLANK(F59),"",100), IF(E59+F59=0, 0, IF(G59=3600, IF(E59=F59,1,(E59-F59)/E59*100), 0))) -> 0
A60: 40 | B60: 3 | C60: 80 | D60: 1.15 | E60: 3 | F60: 3 | G60: 180.816 | H60: 0 | I60: 0 | J60: 2 | L60: =IF(ISBLANK(E60),IF(ISBLANK(F60),"",100), IF(E60+F60=0, 0, IF(G60=3600, IF(E60=F60,1,(E60-F60)/E60*100), 0))) -> 0
A61: 40 | B61: 3 | C61: 90 | D61: 1.15 | E61: 3 | F61: 3 | G61: 180.782 | H61: 0 | I61: 0 | J61: 2 | L61: =IF(ISBLANK(E61),IF(ISBLANK(F61),"",100), IF(E61+F61=0, 0, IF(G61=3600, IF(E61=F61,1,(E61-F61)/E61*100), 0))) -> 0
A62: 40 | B62: 3 | C62: 100 | D62: 1.15 | E62: 3 | F62: 3 | G62: 0.117 | H62: 0 | I62: 0 | J62: 1 | K62: =AVERAGE(G53:G62) -> 396.4663 | L62: =IF(ISBLANK(E62),IF(ISBLANK(F62),"",100), IF(E62+F62=0, 0, IF(G62=3600, IF(E62=F62,1,(E62-F62)/E62*100), 0))) -> 0
A63: 40 | B63: 4 | C63: 10 | D63: 1.15 | E63: 2 | F63: 2 | G63: 0.125 | H63: 0 | I63: 1 | J63: 1 | L63: =IF(ISBLANK(E63),IF(ISBLANK(F63),"",100), IF(E63+F63=0, 0, IF(G63=3600, IF(E63=F63,1,(E63-F63)/E63*100), 0))) -> 0
A64: 40 | B64: 4 | C64: 20 | D64: 1.15 | E64: 2 | F64: 2 | G64: 0.087 | H64: 0 | I64: 0 | J64: 1 | L64: =IF(ISBLANK(E64),IF(ISBLANK(F64),"",100), IF(E64+F64=0, 0, IF(G64=3600, IF(E64=F64,1,(E64-F64)/E64*100), 0))) -> 0
A65: 40 | B65: 4 | C65: 30 | D65: 1.15 | E65: 2 | F65: 2 | G65: 0.249 | H65: 0 | I65: 1 | J65: 2 | L65: =IF(ISBLANK(E65),IF(ISBLANK(F65),"",100), IF(E65+F65=0, 0, IF(G65=3600, IF(E65=F65,1,(E65-F65)/E65*100), 0))) -> 0
A66: 40 | B66: 4 | C66: 40 | D66: 1.15 | E66: 2 | F66: 2 | G66: 0.106 | H66: 0 | I66: 0 | J66: 1 | L66: =IF(ISBLANK(E66),IF(ISBLANK(F66),"",100), IF(E66+F66=0, 0, IF(G66=3600, IF(E66=F66,1,(E66-F66)/E66*100), 0))) -> 0
A67: 40 | B67: 4 | C67: 50 | D67: 1.15 | E67: 2 | F67: 2 | G67: 10.241 | H67: 0 | I67: 2 | J67: 4 | L67: =IF(ISBLANK(E67),IF(ISBLANK(F67),"",100), IF(E67+F67=0, 0, IF(G67=3600, IF(E67=F67,1,(E67-F67)/E67*100), 0))) -> 0
A68: 40 | B68: 4 | C68: 60 | D68: 1.15 | E68: 2 | F68: 2 | G68: 0.09 | H68: 0 | I68: 0 | J68: 1 | L68: =IF(ISBLANK(E68),IF(ISBLANK(F68),"",100), IF(E68+F68=0, 0, IF(G68=3600, IF(E68=F68,1,(E68-F68)/E68*100), 0))) -> 0
A69: 40 | B69: 4 | C69: 70 | D69: 1.15 | E69: 2 | F69: 2 | G69: 0.106 | H69: 0 | I69: 1 | J69: 1 | L69: =IF(ISBLANK(E69),IF(ISBLANK(F69),"",100), IF(E69+F69=0, 0, IF(G69=3600, IF(E69=F69,1,(E69-F69)/E69*100), 0))) -> 0
A70: 40 | B70: 4 | C70: 80 | D70: 1.15 | E70: 2 | F70: 2 | G70: 0.168 | H70: 0 | I70: 2 | J70: 1 | L70: =IF(ISBLANK(E70),IF(ISBLANK(F70),"",100), IF(E70+F70=0, 0, IF(G70=3600, IF(E70=F70,1,(E70-F70)/E70*100), 0))) -> 0
A71: 40 | B71: 4 | C71: 90 | D71: 1.15 | E71: 2 | F71: 2 | G71: 3.735 | H71: 0 | I71: 2 | J71: 5 | L71: =IF(ISBLANK(E71),IF(ISBLANK(F71),"",100), IF(E71+F71=0, 0, IF(G71=3600, IF(E71=F71,1,(E71-F71)/E71*100), 0))) -> 0
A72: 40 | B72: 4 | C72: 100 | D72: 1.15 | E72: 2 | F72: 2 | G72: 0.086 | H72: 0 | I72: 0 | J72: 1 | K72: =AVERAGE(G63:G72) -> 1.4993 | L72: =IF(ISBLANK(E72),IF(ISBLANK(F72),"",100), IF(E72+F72=0, 0, IF(G72=3600, IF(E72=F72,1,(E72-F72)/E72*100), 0))) -> 0
A73: 40 | B73: 5 | C73: 10 | D73: 1.15 | E73: 2 | F73: 2 | G73: 0.133 | H73: 0 | I73: 0 | J73: 1 | L73: =IF(ISBLANK(E73),IF(ISBLANK(F73),"",100), IF(E73+F73=0, 0, IF(G73=3600, IF(E73=F73,1,(E73-F73)/E73*100), 0))) -> 0
A74: 40 | B74: 5 | C74: 20 | D74: 1.15 | E74: 1 | F74: 1 | G74: 5.491 | H74: 0 | I74: 2 | J74: 2 | L74: =IF(ISBLANK(E74),IF(ISBLANK(F74),"",100), IF(E74+F74=0, 0, IF(G74=3600, IF(E74=F74,1,(E74-F74)/E74*100), 0))) -> 0
A75: 40 | B75: 5 | C75: 30 | D75: 1.15 | E75: 2 | F75: 2 | G75: 0.173 | H75: 0 | I75: 0 | J75: 1 | L75: =IF(ISBLANK(E75),IF(ISBLANK(F75),"",100), IF(E75+F75=0, 0, IF(G75=3600, IF(E75=F75,1,(E75-F75)/E75*100), 0))) -> 0
A76: 40 | B76: 5 | C76: 40 | D76: 1.15 | E76: 1 | F76: 1 | G76: 0.072 | H76: 0 | I76: 0 | J76: 1 | L76: =IF(ISBLANK(E76),IF(ISBLANK(F76),"",100), IF(E76+F76=0, 0, IF(G76=3600, IF(E76=F76,1,(E76-F76)/E76*100), 0))) -> 0
A77: 40 | B77: 5 | C77: 50 | D77: 1.15 | E77: 2 | F77: 2 | G77: 0.698 | H77: 0 | I77: 2 | J77: 2 | L77: =IF(ISBLANK(E77),IF(ISBLANK(F77),"",100), IF(E77+F77=0, 0, IF(G77=3600, IF(E77=F77,1,(E77-F77)/E77*100), 0))) -> 0
A78: 40 | B78: 5 | C78: 60 | D78: 1.15 | E78: 1 | F78: 1 | G78: 0.172 | H78: 0 | I78: 1 | J78: 1 | L78: =IF(ISBLANK(E78),IF(ISBLANK(F78),"",100), IF(E78+F78=0, 0, IF(G78=3600, IF(E78=F78,1,(E78-F78)/E78*100), 0))) -> 0
A79: 40 | B79: 5 | C79: 70 | D79: 1.15 | E79: 1 | F79: 1 | G79: 0.089 | H79: 0 | I79: 1 | J79: 1 | L79: =IF(ISBLANK(E79),IF(ISBLANK(F79),"",100), IF(E79+F79=0, 0, IF(G79=3600, IF(E79=F79,1,(E79-F79)/E79*100), 0))) -> 0
A80: 40 | B80: 5 | C80: 80 | D80: 1.15 | E80: 2 | F80: 2 | G80: 0.303 | H80: 0 | I80: 4 | J80: 1 | L80: =IF(ISBLANK(E80),IF(ISBLANK(F80),"",100), IF(E80+F80=0, 0, IF(G80=3600, IF(E80=F80,1,(E80-F80)/E80*100), 0))) -> 0
A81: 40 | B81: 5 | C81: 90 | D81: 1.15 | E81: 2 | F81: 2 | G81: 0.764 | H81: 0 | I81: 1 | J81: 2 | L81: =IF(ISBLANK(E81),IF(ISBLANK(F81),"",100), IF(E81+F81=0, 0, IF(G81=3600, IF(E81=F81,1,(E81-F81)/E81*100), 0))) -> 0
A82: 40 | B82: 5 | C82: 100 | D82: 1.15 | E82: 1 | F82: 1 | G82: 0.074 | H82: 0 | I82: 0 | J82: 1 | K82: =AVERAGE(G73:G82) -> 0.7969 | L82: =IF(ISBLANK(E82),IF(ISBLANK(F82),"",100), IF(E82+F82=0, 0, IF(G82=3600, IF(E82=F82,1,(E82-F82)/E82*100), 0))) -> 0
A83: 50 | B83: 2 | C83: 10 | D83: 1.15 | E83: 5 | F83: 5 | G83: 0.901 | H83: 0 | I83: 0 | J83: 1 | L83: =IF(ISBLANK(E83),IF(ISBLANK(F83),"",100), IF(E83+F83=0, 0, IF(G83=3600, IF(E83=F83,1,(E83-F83)/E83*100), 0))) -> 0
A84: 50 | B84: 2 | C84: 20 | D84: 1.15 | F84: 5 | G84: 3600 | H84: 0 | I84: 0 | J84: 2 | L84: =IF(ISBLANK(E84),IF(ISBLANK(F84),"",100), IF(E84+F84=0, 0, IF(G84=3600, IF(E84=F84,1,(E84-F84)/E84*100), 0))) -> 100
A85: 50 | B85: 2 | C85: 30 | D85: 1.15 | E85: 5 | F85: 5 | G85: 0.65 | H85: 0 | I85: 0 | J85: 1 | L85: =IF(ISBLANK(E85),IF(ISBLANK(F85),"",100), IF(E85+F85=0, 0, IF(G85=3600, IF(E85=F85,1,(E85-F85)/E85*100), 0))) -> 0
A86: 50 | B86: 2 | C86: 40 | D86: 1.15 | F86: 5 | G86: 3600 | H86: 0 | I86: 0 | J86: 2 | L86: =IF(ISBLANK(E86),IF(ISBLANK(F86),"",100), IF(E86+F86=0, 0, IF(G86=3600, IF(E86=F86,1,(E86-F86)/E86*100), 0))) -> 100
A87: 50 | B87: 2 | C87: 50 | D87: 1.15 | F87: 5 | G87: 3600 | H87: 0 | I87: 0 | J87: 2 | L87: =IF(ISBLANK(E87),IF(ISBLANK(F87),"",100), IF(E87+F87=0, 0, IF(G87=3600, IF(E87=F87,1,(E87-F87)/E87*100), 0))) -> 100
A88: 50 | B88: 2 | C88: 60 | D88: 1.15 | E88: 6 | F88: 5 | G88: 3600 | H88: 0 | I88: 0 | J88: 4 | L88: =IF(ISBLANK(E88),IF(ISBLANK(F88),"",100), IF(E88+F88=0, 0, IF(G88=3600, IF(E88=F88,1,(E88-F88)/E88*100), 0))) -> 16.666667
A89: 50 | B89: 2 | C89: 70 | D89: 1.15 | F89: 5 | G89: 3600 | H89: 0 | I89: 0 | J89: 2 | L89: =IF(ISBLANK(E89),IF(ISBLANK(F89),"",100), IF(E89+F89=0, 0, IF(G89=3600, IF(E89=F89,1,(E89-F89)/E89*100), 0))) -> 100
A90: 50 | B90: 2 | C90: 80 | D90: 1.15 | E90: 6 | F90: 5 | G90: 3600 | H90: 0 | I90: 0 | J90: 4 | L90: =IF(ISBLANK(E90),IF(ISBLANK(F90),"",100), IF(E90+F90=0, 0, IF(G90=3600, IF(E90=F90,1,(E90-F90)/E90*100), 0))) -> 16.666667
A91: 50 | B91: 2 | C91: 90 | D91: 1.15 | F91: 5 | G91: 3600 | H91: 0 | I91: 0 | J91: 2 | L91: =IF(ISBLANK(E91),IF(ISBLANK(F91),"",100), IF(E91+F91=0, 0, IF(G91=3600, IF(E91=F91,1,(E91-F91)/E91*100), 0))) -> 100
A92: 50 | B92: 2 | C92: 100 | D92: 1.15 | E92: 5 | F92: 5 | G92: 1.55 | H92: 0 | I92: 0 | J92: 1 | K92: =AVERAGE(G83:G92) -> 2520.3101 | L92: =IF(ISBLANK(E92),IF(ISBLANK(F92),"",100), IF(E92+F92=0, 0, IF(G92=3600, IF(E92=F92,1,(E92-F92)/E92*100), 0))) -> 0
A93: 50 | B93: 3 | C93: 10 | D93: 1.15 | E93: 5 | F93: 4 | G93: 3600 | H93: 0 | I93: 0 | J93: 5 | L93: =IF(ISBLANK(E93),IF(ISBLANK(F93),"",100), IF(E93+F93=0, 0, IF(G93=3600, IF(E93=F93,1,(E93-F93)/E93*100), 0))) -> 20
A94: 50 | B94: 3 | C94: 20 | D94: 1.15 | F94: 4 | G94: 3600 | H94: 0 | I94: 0 | J94: 2 | L94: =IF(ISBLANK(E94),IF(ISBLANK(F94),"",100), IF(E94+F94=0, 0, IF(G94=3600, IF(E94=F94,1,(E94-F94)/E94*100), 0))) -> 100
A95: 50 | B95: 3 | C95: 30 | D95: 1.15 | E95: 4 | F95: 4 | G95: 0.395 | H95: 0 | I95: 0 | J95: 1 | L95: =IF(ISBLANK(E95),IF(ISBLANK(F95),"",100), IF(E95+F95=0, 0, IF(G95=3600, IF(E95=F95,1,(E95-F95)/E95*100), 0))) -> 0
A96: 50 | B96: 3 | C96: 40 | D96: 1.15 | E96: 4 | F96: 4 | G96: 547.333 | H96: 0 | I96: 1 | J96: 7 | L96: =IF(ISBLANK(E96),IF(ISBLANK(F96),"",100), IF(E96+F96=0, 0, IF(G96=3600, IF(E96=F96,1,(E96-F96)/E96*100), 0))) -> 0
A97: 50 | B97: 3 | C97: 50 | D97: 1.15 | E97: 4 | F97: 4 | G97: 187.322 | H97: 0 | I97: 0 | J97: 4 | L97: =IF(ISBLANK(E97),IF(ISBLANK(F97),"",100), IF(E97+F97=0, 0, IF(G97=3600, IF(E97=F97,1,(E97-F97)/E97*100), 0))) -> 0
A98: 50 | B98: 3 | C98: 60 | D98: 1.15 | E98: 4 | F98: 4 | G98: 0.372 | H98: 0 | I98: 0 | J98: 1 | L98: =IF(ISBLANK(E98),IF(ISBLANK(F98),"",100), IF(E98+F98=0, 0, IF(G98=3600, IF(E98=F98,1,(E98-F98)/E98*100), 0))) -> 0
A99: 50 | B99: 3 | C99: 70 | D99: 1.15 | E99: 4 | F99: 4 | G99: 0.276 | H99: 0 | I99: 0 | J99: 1 | L99: =IF(ISBLANK(E99),IF(ISBLANK(F99),"",100), IF(E99+F99=0, 0, IF(G99=3600, IF(E99=F99,1,(E99-F99)/E99*100), 0))) -> 0
A100: 50 | B100: 3 | C100: 80 | D100: 1.15 | F100: 4 | G100: 3600 | H100: 0 | I100: 0 | J100: 2 | L100: =IF(ISBLANK(E100),IF(ISBLANK(F100),"",100), IF(E100+F100=0, 0, IF(G100=3600, IF(E100=F100,1,(E100-F100)/E100*100), 0))) -> 100
...

Sheet base_high
D1: Ours | K1: CP
A2: Job num | B2: Machine num | C2: Seed | D2: Lambda | E2: objective value | F2: lower bound | G2: total time | H2: initial ban num | I2: total ban num | J2: total iter num | K2: Value | L2: LB | M2: Time | N2: AVG | O2: AVG | P2: BC GAP | Q2: CP GAP | R2: ERROR
A3: 30 | B3: 2 | C3: 10 | D3: 1.15 | E3: 2 | F3: 2 | G3: 0.075 | H3: 0 | I3: 0 | J3: 1 | K3: 2 | L3: 2 | M3: 106.53 | P3: =IF(ISBLANK(E3),IF(ISBLANK(F3),"",100), IF(E3+F3=0, 0, IF(G3=3600, IF(E3=F3,1,(E3-F3)/E3*100), 0))) -> 0 | Q3: =IF(ISBLANK(K3),"",IF(K3+L3=0,0,IF(M3=3600,IF(K3=L3,1,(K3-L3)/K3*100),0))) -> 0 | R3: =IF(OR(AND(P3=0,E3>K3),L3>E3),TRUE,"")
A4: 30 | B4: 2 | C4: 20 | D4: 1.15 | E4: 2 | F4: 2 | G4: 0.071 | H4: 0 | I4: 0 | J4: 1 | K4: 2 | L4: 2 | M4: 42.06 | P4: =IF(ISBLANK(E4),IF(ISBLANK(F4),"",100), IF(E4+F4=0, 0, IF(G4=3600, IF(E4=F4,1,(E4-F4)/E4*100), 0))) -> 0 | Q4: =IF(ISBLANK(K4),"",IF(K4+L4=0,0,IF(M4=3600,IF(K4=L4,1,(K4-L4)/K4*100),0))) -> 0 | R4: =IF(OR(AND(P4=0,E4>K4),L4>E4),TRUE,"")
A5: 30 | B5: 2 | C5: 30 | D5: 1.15 | E5: 2 | F5: 2 | G5: 0.071 | H5: 0 | I5: 0 | J5: 1 | K5: 2 | L5: 2 | M5: 56.06 | P5: =IF(ISBLANK(E5),IF(ISBLANK(F5),"",100), IF(E5+F5=0, 0, IF(G5=3600, IF(E5=F5,1,(E5-F5)/E5*100), 0))) -> 0 | Q5: =IF(ISBLANK(K5),"",IF(K5+L5=0,0,IF(M5=3600,IF(K5=L5,1,(K5-L5)/K5*100),0))) -> 0 | R5: =IF(OR(AND(P5=0,E5>K5),L5>E5),TRUE,"")
A6: 30 | B6: 2 | C6: 40 | D6: 1.15 | E6: 2 | F6: 2 | G6: 0.088 | H6: 0 | I6: 0 | J6: 1 | K6: 2 | L6: 2 | M6: 59.93 | P6: =IF(ISBLANK(E6),IF(ISBLANK(F6),"",100), IF(E6+F6=0, 0, IF(G6=3600, IF(E6=F6,1,(E6-F6)/E6*100), 0))) -> 0 | Q6: =IF(ISBLANK(K6),"",IF(K6+L6=0,0,IF(M6=3600,IF(K6=L6,1,(K6-L6)/K6*100),0))) -> 0 | R6: =IF(OR(AND(P6=0,E6>K6),L6>E6),TRUE,"")
A7: 30 | B7: 2 | C7: 50 | D7: 1.15 | E7: 2 | F7: 2 | G7: 0.064 | H7: 0 | I7: 0 | J7: 1 | K7: 2 | L7: 2 | M7: 76.28 | P7: =IF(ISBLANK(E7),IF(ISBLANK(F7),"",100), IF(E7+F7=0, 0, IF(G7=3600, IF(E7=F7,1,(E7-F7)/E7*100), 0))) -> 0 | Q7: =IF(ISBLANK(K7),"",IF(K7+L7=0,0,IF(M7=3600,IF(K7=L7,1,(K7-L7)/K7*100),0))) -> 0 | R7: =IF(OR(AND(P7=0,E7>K7),L7>E7),TRUE,"")
A8: 30 | B8: 2 | C8: 60 | D8: 1.15 | E8: 2 | F8: 2 | G8: 0.072 | H8: 0 | I8: 0 | J8: 1 | K8: 2 | L8: 2 | M8: 60.27 | P8: =IF(ISBLANK(E8),IF(ISBLANK(F8),"",100), IF(E8+F8=0, 0, IF(G8=3600, IF(E8=F8,1,(E8-F8)/E8*100), 0))) -> 0 | Q8: =IF(ISBLANK(K8),"",IF(K8+L8=0,0,IF(M8=3600,IF(K8=L8,1,(K8-L8)/K8*100),0))) -> 0 | R8: =IF(OR(AND(P8=0,E8>K8),L8>E8),TRUE,"")
A9: 30 | B9: 2 | C9: 70 | D9: 1.15 | E9: 2 | F9: 2 | G9: 0.069 | H9: 0 | I9: 0 | J9: 1 | K9: 2 | L9: 2 | M9: 69.17 | P9: =IF(ISBLANK(E9),IF(ISBLANK(F9),"",100), IF(E9+F9=0, 0, IF(G9=3600, IF(E9=F9,1,(E9-F9)/E9*100), 0))) -> 0 | Q9: =IF(ISBLANK(K9),"",IF(K9+L9=0,0,IF(M9=3600,IF(K9=L9,1,(K9-L9)/K9*100),0))) -> 0 | R9: =IF(OR(AND(P9=0,E9>K9),L9>E9),TRUE,"")
A10: 30 | B10: 2 | C10: 80 | D10: 1.15 | E10: 2 | F10: 2 | G10: 0.071 | H10: 0 | I10: 0 | J10: 1 | K10: 2 | L10: 2 | M10: 59.68 | P10: =IF(ISBLANK(E10),IF(ISBLANK(F10),"",100), IF(E10+F10=0, 0, IF(G10=3600, IF(E10=F10,1,(E10-F10)/E10*100), 0))) -> 0 | Q10: =IF(ISBLANK(K10),"",IF(K10+L10=0,0,IF(M10=3600,IF(K10=L10,1,(K10-L10)/K10*100),0))) -> 0 | R10: =IF(OR(AND(P10=0,E10>K10),L10>E10),TRUE,"")
A11: 30 | B11: 2 | C11: 90 | D11: 1.15 | E11: 2 | F11: 2 | G11: 0.048 | H11: 0 | I11: 0 | J11: 1 | K11: 2 | L11: 2 | M11: 50.75 | P11: =IF(ISBLANK(E11),IF(ISBLANK(F11),"",100), IF(E11+F11=0, 0, IF(G11=3600, IF(E11=F11,1,(E11-F11)/E11*100), 0))) -> 0 | Q11: =IF(ISBLANK(K11),"",IF(K11+L11=0,0,IF(M11=3600,IF(K11=L11,1,(K11-L11)/K11*100),0))) -> 0 | R11: =IF(OR(AND(P11=0,E11>K11),L11>E11),TRUE,"")
A12: 30 | B12: 2 | C12: 100 | D12: 1.15 | E12: 2 | F12: 2 | G12: 0.082 | H12: 0 | I12: 0 | J12: 1 | K12: 2 | L12: 2 | M12: 71.67 | N12: =AVERAGE(G3:G12) -> 0.0711 | O12: =AVERAGE(M3:M12) -> 65.24 | P12: =IF(ISBLANK(E12),IF(ISBLANK(F12),"",100), IF(E12+F12=0, 0, IF(G12=3600, IF(E12=F12,1,(E12-F12)/E12*100), 0))) -> 0 | Q12: =IF(ISBLANK(K12),"",IF(K12+L12=0,0,IF(M12=3600,IF(K12=L12,1,(K12-L12)/K12*100),0))) -> 0 | R12: =IF(OR(AND(P12=0,E12>K12),L12>E12),TRUE,"")
A13: 30 | B13: 3 | C13: 10 | D13: 1.15 | E13: 1 | F13: 1 | G13: 0.075 | H13: 0 | I13: 0 | J13: 1 | K13: 1 | L13: 1 | M13: 11.82 | P13: =IF(ISBLANK(E13),IF(ISBLANK(F13),"",100), IF(E13+F13=0, 0, IF(G13=3600, IF(E13=F13,1,(E13-F13)/E13*100), 0))) -> 0 | Q13: =IF(ISBLANK(K13),"",IF(K13+L13=0,0,IF(M13=3600,IF(K13=L13,1,(K13-L13)/K13*100),0))) -> 0 | R13: =IF(OR(AND(P13=0,E13>K13),L13>E13),TRUE,"")
A14: 30 | B14: 3 | C14: 20 | D14: 1.15 | E14: 1 | F14: 1 | G14: 0.073 | H14: 0 | I14: 0 | J14: 1 | K14: 1 | L14: 1 | M14: 30.17 | P14: =IF(ISBLANK(E14),IF(ISBLANK(F14),"",100), IF(E14+F14=0, 0, IF(G14=3600, IF(E14=F14,1,(E14-F14)/E14*100), 0))) -> 0 | Q14: =IF(ISBLANK(K14),"",IF(K14+L14=0,0,IF(M14=3600,IF(K14=L14,1,(K14-L14)/K14*100),0))) -> 0 | R14: =IF(OR(AND(P14=0,E14>K14),L14>E14),TRUE,"")
A15: 30 | B15: 3 | C15: 30 | D15: 1.15 | E15: 1 | F15: 1 | G15: 0.074 | H15: 0 | I15: 0 | J15: 1 | K15: 1 | L15: 1 | M15: 56.47 | P15: =IF(ISBLANK(E15),IF(ISBLANK(F15),"",100), IF(E15+F15=0, 0, IF(G15=3600, IF(E15=F15,1,(E15-F15)/E15*100), 0))) -> 0 | Q15: =IF(ISBLANK(K15),"",IF(K15+L15=0,0,IF(M15=3600,IF(K15=L15,1,(K15-L15)/K15*100),0))) -> 0 | R15: =IF(OR(AND(P15=0,E15>K15),L15>E15),TRUE,"")
A16: 30 | B16: 3 | C16: 40 | D16: 1.15 | E16: 1 | F16: 1 | G16: 0.078 | H16: 0 | I16: 0 | J16: 1 | K16: 1 | L16: 1 | M16: 59.9 | P16: =IF(ISBLANK(E16),IF(ISBLANK(F16),"",100), IF(E16+F16=0, 0, IF(G16=3600, IF(E16=F16,1,(E16-F16)/E16*100), 0))) -> 0 | Q16: =IF(ISBLANK(K16),"",IF(K16+L16=0,0,IF(M16=3600,IF(K16=L16,1,(K16-L16)/K16*100),0))) -> 0 | R16: =IF(OR(AND(P16=0,E16>K16),L16>E16),TRUE,"")
A17: 30 | B17: 3 | C17: 50 | D17: 1.15 | E17: 2 | F17: 2 | G17: 0.095 | H17: 0 | I17: 0 | J17: 1 | K17: 2 | L17: 1 | M17: 3600 | P17: =IF(ISBLANK(E17),IF(ISBLANK(F17),"",100), IF(E17+F17=0, 0, IF(G17=3600, IF(E17=F17,1,(E17-F17)/E17*100), 0))) -> 0 | Q17: =IF(ISBLANK(K17),"",IF(K17+L17=0,0,IF(M17=3600,IF(K17=L17,1,(K17-L17)/K17*100),0))) -> 50 | R17: =IF(OR(AND(P17=0,E17>K17),L17>E17),TRUE,"")
A18: 30 | B18: 3 | C18: 60 | D18: 1.15 | E18: 2 | F18: 2 | G18: 0.077 | H18: 0 | I18: 0 | J18: 1 | K18: 2 | L18: 1 | M18: 3600 | P18: =IF(ISBLANK(E18),IF(ISBLANK(F18),"",100), IF(E18+F18=0, 0, IF(G18=3600, IF(E18=F18,1,(E18-F18)/E18*100), 0))) -> 0 | Q18: =IF(ISBLANK(K18),"",IF(K18+L18=0,0,IF(M18=3600,IF(K18=L18,1,(K18-L18)/K18*100),0))) -> 50 | R18: =IF(OR(AND(P18=0,E18>K18),L18>E18),TRUE,"")
A19: 30 | B19: 3 | C19: 70 | D19: 1.15 | E19: 1 | F19: 1 | G19: 0.059 | H19: 0 | I19: 0 | J19: 1 | K19: 1 | L19: 1 | M19: 12.09 | P19: =IF(ISBLANK(E19),IF(ISBLANK(F19),"",100), IF(E19+F19=0, 0, IF(G19=3600, IF(E19=F19,1,(E19-F19)/E19*100), 0))) -> 0 | Q19: =IF(ISBLANK(K19),"",IF(K19+L19=0,0,IF(M19=3600,IF(K19=L19,1,(K19-L19)/K19*100),0))) -> 0 | R19: =IF(OR(AND(P19=0,E19>K19),L19>E19),TRUE,"")
A20: 30 | B20: 3 | C20: 80 | D20: 1.15 | E20: 1 | F20: 1 | G20: 0.061 | H20: 0 | I20: 0 | J20: 1 | K20: 1 | L20: 1 | M20: 11.98 | P20: =IF(ISBLANK(E20),IF(ISBLANK(F20),"",100), IF(E20+F20=0, 0, IF(G20=3600, IF(E20=F20,1,(E20-F20)/E20*100), 0))) -> 0 | Q20: =IF(ISBLANK(K20),"",IF(K20+L20=0,0,IF(M20=3600,IF(K20=L20,1,(K20-L20)/K20*100),0))) -> 0 | R20: =IF(OR(AND(P20=0,E20>K20),L20>E20),TRUE,"")
A21: 30 | B21: 3 | C21: 90 | D21: 1.15 | E21: 1 | F21: 1 | G21: 0.062 | H21: 0 | I21: 0 | J21: 1 | K21: 1 | L21: 1 | M21: 41.06 | P21: =IF(ISBLANK(E21),IF(ISBLANK(F21),"",100), IF(E21+F21=0, 0, IF(G21=3600, IF(E21=F21,1,(E21-F21)/E21*100), 0))) -> 0 | Q21: =IF(ISBLANK(K21),"",IF(K21+L21=0,0,IF(M21=3600,IF(K21=L21,1,(K21-L21)/K21*100),0))) -> 0 | R21: =IF(OR(AND(P21=0,E21>K21),L21>E21),TRUE,"")
A22: 30 | B22: 3 | C22: 100 | D22: 1.15 | E22: 1 | F22: 1 | G22: 0.092 | H22: 0 | I22: 0 | J22: 1 | K22: 1 | L22: 1 | M22: 12.24 | N22: =AVERAGE(G13:G22) -> 0.0746 | O22: =AVERAGE(M13:M22) -> 743.573 | P22: =IF(ISBLANK(E22),IF(ISBLANK(F22),"",100), IF(E22+F22=0, 0, IF(G22=3600, IF(E22=F22,1,(E22-F22)/E22*100), 0))) -> 0 | Q22: =IF(ISBLANK(K22),"",IF(K22+L22=0,0,IF(M22=3600,IF(K22=L22,1,(K22-L22)/K22*100),0))) -> 0 | R22: =IF(OR(AND(P22=0,E22>K22),L22>E22),TRUE,"")
A23: 30 | B23: 4 | C23: 10 | D23: 1.15 | E23: 0 | F23: 0 | G23: 0.062 | H23: 0 | I23: 0 | J23: 1 | K23: 0 | L23: 0 | M23: 2.63 | P23: =IF(ISBLANK(E23),IF(ISBLANK(F23),"",100), IF(E23+F23=0, 0, IF(G23=3600, IF(E23=F23,1,(E23-F23)/E23*100), 0))) -> 0 | Q23: =IF(ISBLANK(K23),"",IF(K23+L23=0,0,IF(M23=3600,IF(K23=L23,1,(K23-L23)/K23*100),0))) -> 0 | R23: =IF(OR(AND(P23=0,E23>K23),L23>E23),TRUE,"")
A24: 30 | B24: 4 | C24: 20 | D24: 1.15 | E24: 0 | F24: 0 | G24: 0.062 | H24: 0 | I24: 0 | J24: 1 | K24: 0 | L24: 0 | M24: 4.22 | P24: =IF(ISBLANK(E24),IF(ISBLANK(F24),"",100), IF(E24+F24=0, 0, IF(G24=3600, IF(E24=F24,1,(E24-F24)/E24*100), 0))) -> 0 | Q24: =IF(ISBLANK(K24),"",IF(K24+L24=0,0,IF(M24=3600,IF(K24=L24,1,(K24-L24)/K24*100),0))) -> 0 | R24: =IF(OR(AND(P24=0,E24>K24),L24>E24),TRUE,"")
A25: 30 | B25: 4 | C25: 30 | D25: 1.15 | E25: 0 | F25: 0 | G25: 0.06 | H25: 0 | I25: 0 | J25: 1 | K25: 0 | L25: 0 | M25: 4.15 | P25: =IF(ISBLANK(E25),IF(ISBLANK(F25),"",100), IF(E25+F25=0, 0, IF(G25=3600, IF(E25=F25,1,(E25-F25)/E25*100), 0))) -> 0 | Q25: =IF(ISBLANK(K25),"",IF(K25+L25=0,0,IF(M25=3600,IF(K25=L25,1,(K25-L25)/K25*100),0))) -> 0 | R25: =IF(OR(AND(P25=0,E25>K25),L25>E25),TRUE,"")
A26: 30 | B26: 4 | C26: 40 | D26: 1.15 | E26: 0 | F26: 0 | G26: 0.072 | H26: 0 | I26: 0 | J26: 1 | K26: 0 | L26: 0 | M26: 5.64 | P26: =IF(ISBLANK(E26),IF(ISBLANK(F26),"",100), IF(E26+F26=0, 0, IF(G26=3600, IF(E26=F26,1,(E26-F26)/E26*100), 0))) -> 0 | Q26: =IF(ISBLANK(K26),"",IF(K26+L26=0,0,IF(M26=3600,IF(K26=L26,1,(K26-L26)/K26*100),0))) -> 0 | R26: =IF(OR(AND(P26=0,E26>K26),L26>E26),TRUE,"")
A27: 30 | B27: 4 | C27: 50 | D27: 1.15 | E27: 0 | F27: 0 | G27: 0.062 | H27: 0 | I27: 0 | J27: 1 | K27: 0 | L27: 0 | M27: 4.55 | P27: =IF(ISBLANK(E27),IF(ISBLANK(F27),"",100), IF(E27+F27=0, 0, IF(G27=3600, IF(E27=F27,1,(E27-F27)/E27*100), 0))) -> 0 | Q27: =IF(ISBLANK(K27),"",IF(K27+L27=0,0,IF(M27=3600,IF(K27=L27,1,(K27-L27)/K27*100),0))) -> 0 | R27: =IF(OR(AND(P27=0,E27>K27),L27>E27),TRUE,"")
A28: 30 | B28: 4 | C28: 60 | D28: 1.15 | E28: 0 | F28: 0 | G28: 0.062 | H28: 0 | I28: 0 | J28: 1 | K28: 0 | L28: 0 | M28: 2.37 | P28: =IF(ISBLANK(E28),IF(ISBLANK(F28),"",100), IF(E28+F28=0, 0, IF(G28=3600, IF(E28=F28,1,(E28-F28)/E28*100), 0))) -> 0 | Q28: =IF(ISBLANK(K28),"",IF(K28+L28=0,0,IF(M28=3600,IF(K28=L28,1,(K28-L28)/K28*100),0))) -> 0 | R28: =IF(OR(AND(P28=0,E28>K28),L28>E28),TRUE,"")
A29: 30 | B29: 4 | C29: 70 | D29: 1.15 | E29: 0 | F29: 0 | G29: 0.063 | H29: 0 | I29: 0 | J29: 1 | K29: 0 | L29: 0 | M29: 2.25 | P29: =IF(ISBLANK(E29),IF(ISBLANK(F29),"",100), IF(E29+F29=0, 0, IF(G29=3600, IF(E29=F29,1,(E29-F29)/E29*100), 0))) -> 0 | Q29: =IF(ISBLANK(K29),"",IF(K29+L29=0,0,IF(M29=3600,IF(K29=L29,1,(K29-L29)/K29*100),0))) -> 0 | R29: =IF(OR(AND(P29=0,E29>K29),L29>E29),TRUE,"")
A30: 30 | B30: 4 | C30: 80 | D30: 1.15 | E30: 0 | F30: 0 | G30: 0.062 | H30: 0 | I30: 0 | J30: 1 | K30: 0 | L30: 0 | M30: 1.95 | P30: =IF(ISBLANK(E30),IF(ISBLANK(F30),"",100), IF(E30+F30=0, 0, IF(G30=3600, IF(E30=F30,1,(E30-F30)/E30*100), 0))) -> 0 | Q30: =IF(ISBLANK(K30),"",IF(K30+L30=0,0,IF(M30=3600,IF(K30=L30,1,(K30-L30)/K30*100),0))) -> 0 | R30: =IF(OR(AND(P30=0,E30>K30),L30>E30),TRUE,"")
A31: 30 | B31: 4 | C31: 90 | D31: 1.15 | E31: 0 | F31: 0 | G31: 0.061 | H31: 0 | I31: 0 | J31: 1 | K31: 0 | L31: 0 | M31: 2.92 | P31: =IF(ISBLANK(E31),IF(ISBLANK(F31),"",100), IF(E31+F31=0, 0, IF(G31=3600, IF(E31=F31,1,(E31-F31)/E31*100), 0))) -> 0 | Q31: =IF(ISBLANK(K31),"",IF(K31+L31=0,0,IF(M31=3600,IF(K31=L31,1,(K31-L31)/K31*100),0))) -> 0 | R31: =IF(OR(AND(P31=0,E31>K31),L31>E31),TRUE,"")
A32: 30 | B32: 4 | C32: 100 | D32: 1.15 | E32: 1 | F32: 1 | G32: 0.061 | H32: 1 | I32: 1 | J32: 1 | K32: 1 | L32: 1 | M32: 36.76 | N32: =AVERAGE(G23:G32) -> 0.0627 | O32: =AVERAGE(M23:M32) -> 6.744 | P32: =IF(ISBLANK(E32),IF(ISBLANK(F32),"",100), IF(E32+F32=0, 0, IF(G32=3600, IF(E32=F32,1,(E32-F32)/E32*100), 0))) -> 0 | Q32: =IF(ISBLANK(K32),"",IF(K32+L32=0,0,IF(M32=3600,IF(K32=L32,1,(K32-L32)/K32*100),0))) -> 0 | R32: =IF(OR(AND(P32=0,E32>K32),L32>E32),TRUE,"")
A33: 30 | B33: 5 | C33: 10 | D33: 1.15 | E33: 0 | F33: 0 | G33: 0.062 | H33: 1 | I33: 1 | J33: 1 | K33: 0 | L33: 0 | M33: 6.79 | P33: =IF(ISBLANK(E33),IF(ISBLANK(F33),"",100), IF(E33+F33=0, 0, IF(G33=3600, IF(E33=F33,1,(E33-F33)/E33*100), 0))) -> 0 | Q33: =IF(ISBLANK(K33),"",IF(K33+L33=0,0,IF(M33=3600,IF(K33=L33,1,(K33-L33)/K33*100),0))) -> 0 | R33: =IF(OR(AND(P33=0,E33>K33),L33>E33),TRUE,"")
A34: 30 | B34: 5 | C34: 20 | D34: 1.15 | E34: 0 | F34: 0 | G34: 0.06 | H34: 1 | I34: 1 | J34: 1 | K34: 0 | L34: 0 | M34: 12.33 | P34: =IF(ISBLANK(E34),IF(ISBLANK(F34),"",100), IF(E34+F34=0, 0, IF(G34=3600, IF(E34=F34,1,(E34-F34)/E34*100), 0))) -> 0 | Q34: =IF(ISBLANK(K34),"",IF(K34+L34=0,0,IF(M34=3600,IF(K34=L34,1,(K34-L34)/K34*100),0))) -> 0 | R34: =IF(OR(AND(P34=0,E34>K34),L34>E34),TRUE,"")
A35: 30 | B35: 5 | C35: 30 | D35: 1.15 | E35: 0 | F35: 0 | G35: 0.062 | H35: 0 | I35: 0 | J35: 1 | K35: 0 | L35: 0 | M35: 3.84 | P35: =IF(ISBLANK(E35),IF(ISBLANK(F35),"",100), IF(E35+F35=0, 0, IF(G35=3600, IF(E35=F35,1,(E35-F35)/E35*100), 0))) -> 0 | Q35: =IF(ISBLANK(K35),"",IF(K35+L35=0,0,IF(M35=3600,IF(K35=L35,1,(K35-L35)/K35*100),0))) -> 0 | R35: =IF(OR(AND(P35=0,E35>K35),L35>E35),TRUE,"")
A36: 30 | B36: 5 | C36: 40 | D36: 1.15 | E36: 0 | F36: 0 | G36: 0.061 | H36: 1 | I36: 1 | J36: 1 | K36: 0 | L36: 0 | M36: 8.84 | P36: =IF(ISBLANK(E36),IF(ISBLANK(F36),"",100), IF(E36+F36=0, 0, IF(G36=3600, IF(E36=F36,1,(E36-F36)/E36*100), 0))) -> 0 | Q36: =IF(ISBLANK(K36),"",IF(K36+L36=0,0,IF(M36=3600,IF(K36=L36,1,(K36-L36)/K36*100),0))) -> 0 | R36: =IF(OR(AND(P36=0,E36>K36),L36>E36),TRUE,"")
A37: 30 | B37: 5 | C37: 50 | D37: 1.15 | E37: 0 | F37: 0 | G37: 0.063 | H37: 1 | I37: 1 | J37: 1 | K37: 0 | L37: 0 | M37: 5 | P37: =IF(ISBLANK(E37),IF(ISBLANK(F37),"",100), IF(E37+F37=0, 0, IF(G37=3600, IF(E37=F37,1,(E37-F37)/E37*100), 0))) -> 0 | Q37: =IF(ISBLANK(K37),"",IF(K37+L37=0,0,IF(M37=3600,IF(K37=L37,1,(K37-L37)/K37*100),0))) -> 0 | R37: =IF(OR(AND(P37=0,E37>K37),L37>E37),TRUE,"")
A38: 30 | B38: 5 | C38: 60 | D38: 1.15 | E38: 0 | F38: 0 | G38: 0.061 | H38: 1 | I38: 1 | J38: 1 | K38: 0 | L38: 0 | M38: 3.77 | P38: =IF(ISBLANK(E38),IF(ISBLANK(F38),"",100), IF(E38+F38=0, 0, IF(G38=3600, IF(E38=F38,1,(E38-F38)/E38*100), 0))) -> 0 | Q38: =IF(ISBLANK(K38),"",IF(K38+L38=0,0,IF(M38=3600,IF(K38=L38,1,(K38-L38)/K38*100),0))) -> 0 | R38: =IF(OR(AND(P38=0,E38>K38),L38>E38),TRUE,"")
A39: 30 | B39: 5 | C39: 70 | D39: 1.15 | E39: 0 | F39: 0 | G39: 0.062 | H39: 0 | I39: 0 | J39: 1 | K39: 0 | L39: 0 | M39: 2.85 | P39: =IF(ISBLANK(E39),IF(ISBLANK(F39),"",100), IF(E39+F39=0, 0, IF(G39=3600, IF(E39=F39,1,(E39-F39)/E39*100), 0))) -> 0 | Q39: =IF(ISBLANK(K39),"",IF(K39+L39=0,0,IF(M39=3600,IF(K39=L39,1,(K39-L39)/K39*100),0))) -> 0 | R39: =IF(OR(AND(P39=0,E39>K39),L39>E39),TRUE,"")
A40: 30 | B40: 5 | C40: 80 | D40: 1.15 | E40: 0 | F40: 0 | G40: 0.061 | H40: 0 | I40: 0 | J40: 1 | K40: 0 | L40: 0 | M40: 2.8 | P40: =IF(ISBLANK(E40),IF(ISBLANK(F40),"",100), IF(E40+F40=0, 0, IF(G40=3600, IF(E40=F40,1,(E40-F40)/E40*100), 0))) -> 0 | Q40: =IF(ISBLANK(K40),"",IF(K40+L40=0,0,IF(M40=3600,IF(K40=L40,1,(K40-L40)/K40*100),0))) -> 0 | R40: =IF(OR(AND(P40=0,E40>K40),L40>E40),TRUE,"")
A41: 30 | B41: 5 | C41: 90 | D41: 1.15 | E41: 0 | F41: 0 | G41: 0.063 | H41: 1 | I41: 1 | J41: 1 | K41: 0 | L41: 0 | M41: 4.56 | P41: =IF(ISBLANK(E41),IF(ISBLANK(F41),"",100), IF(E41+F41=0, 0, IF(G41=3600, IF(E41=F41,1,(E41-F41)/E41*100), 0))) -> 0 | Q41: =IF(ISBLANK(K41),"",IF(K41+L41=0,0,IF(M41=3600,IF(K41=L41,1,(K41-L41)/K41*100),0))) -> 0 | R41: =IF(OR(AND(P41=0,E41>K41),L41>E41),TRUE,"")
A42: 30 | B42: 5 | C42: 100 | D42: 1.15 | E42: 0 | F42: 0 | G42: 0.061 | H42: 1 | I42: 1 | J42: 1 | K42: 0 | L42: 0 | M42: 4.71 | N42: =AVERAGE(G33:G42) -> 0.0616 | O42: =AVERAGE(M33:M42) -> 5.549 | P42: =IF(ISBLANK(E42),IF(ISBLANK(F42),"",100), IF(E42+F42=0, 0, IF(G42=3600, IF(E42=F42,1,(E42-F42)/E42*100), 0))) -> 0 | Q42: =IF(ISBLANK(K42),"",IF(K42+L42=0,0,IF(M42=3600,IF(K42=L42,1,(K42-L42)/K42*100),0))) -> 0 | R42: =IF(OR(AND(P42=0,E42>K42),L42>E42),TRUE,"")
A43: 40 | B43: 2 | C43: 10 | D43: 1.15 | E43: 4 | F43: 4 | G43: 0.472 | H43: 0 | I43: 0 | J43: 1 | K43: 4 | L43: 2 | M43: 3600 | P43: =IF(ISBLANK(E43),IF(ISBLANK(F43),"",100), IF(E43+F43=0, 0, IF(G43=3600, IF(E43=F43,1,(E43-F43)/E43*100), 0))) -> 0 | Q43: =IF(ISBLANK(K43),"",IF(K43+L43=0,0,IF(M43=3600,IF(K43=L43,1,(K43-L43)/K43*100),0))) -> 50 | R43: =IF(OR(AND(P43=0,E43>K43),L43>E43),TRUE,"")
A44: 40 | B44: 2 | C44: 20 | D44: 1.15 | E44: 4 | F44: 4 | G44: 0.481 | H44: 0 | I44: 0 | J44: 1 | K44: 4 | L44: 2 | M44: 3600 | P44: =IF(ISBLANK(E44),IF(ISBLANK(F44),"",100), IF(E44+F44=0, 0, IF(G44=3600, IF(E44=F44,1,(E44-F44)/E44*100), 0))) -> 0 | Q44: =IF(ISBLANK(K44),"",IF(K44+L44=0,0,IF(M44=3600,IF(K44=L44,1,(K44-L44)/K44*100),0))) -> 50 | R44: =IF(OR(AND(P44=0,E44>K44),L44>E44),TRUE,"")
A45: 40 | B45: 2 | C45: 30 | D45: 1.15 | E45: 4 | F45: 4 | G45: 0.47 | H45: 0 | I45: 0 | J45: 1 | K45: 4 | L45: 2 | M45: 3600 | P45: =IF(ISBLANK(E45),IF(ISBLANK(F45),"",100), IF(E45+F45=0, 0, IF(G45=3600, IF(E45=F45,1,(E45-F45)/E45*100), 0))) -> 0 | Q45: =IF(ISBLANK(K45),"",IF(K45+L45=0,0,IF(M45=3600,IF(K45=L45,1,(K45-L45)/K45*100),0))) -> 50 | R45: =IF(OR(AND(P45=0,E45>K45),L45>E45),TRUE,"")
A46: 40 | B46: 2 | C46: 40 | D46: 1.15 | E46: 4 | F46: 4 | G46: 0.506 | H46: 0 | I46: 0 | J46: 1 | K46: 4 | L46: 2 | M46: 3600 | P46: =IF(ISBLANK(E46),IF(ISBLANK(F46),"",100), IF(E46+F46=0, 0, IF(G46=3600, IF(E46=F46,1,(E46-F46)/E46*100), 0))) -> 0 | Q46: =IF(ISBLANK(K46),"",IF(K46+L46=0,0,IF(M46=3600,IF(K46=L46,1,(K46-L46)/K46*100),0))) -> 50 | R46: =IF(OR(AND(P46=0,E46>K46),L46>E46),TRUE,"")
A47: 40 | B47: 2 | C47: 50 | D47: 1.15 | E47: 4 | F47: 4 | G47: 0.406 | H47: 0 | I47: 0 | J47: 1 | K47: 4 | L47: 2 | M47: 3600 | P47: =IF(ISBLANK(E47),IF(ISBLANK(F47),"",100), IF(E47+F47=0, 0, IF(G47=3600, IF(E47=F47,1,(E47-F47)/E47*100), 0))) -> 0 | Q47: =IF(ISBLANK(K47),"",IF(K47+L47=0,0,IF(M47=3600,IF(K47=L47,1,(K47-L47)/K47*100),0))) -> 50 | R47: =IF(OR(AND(P47=0,E47>K47),L47>E47),TRUE,"")
A48: 40 | B48: 2 | C48: 60 | D48: 1.15 | E48: 4 | F48: 4 | G48: 0.433 | H48: 0 | I48: 0 | J48: 1 | K48: 4 | L48: 2 | M48: 3600 | P48: =IF(ISBLANK(E48),IF(ISBLANK(F48),"",100), IF(E48+F48=0, 0, IF(G48=3600, IF(E48=F48,1,(E48-F48)/E48*100), 0))) -> 0 | Q48: =IF(ISBLANK(K48),"",IF(K48+L48=0,0,IF(M48=3600,IF(K48=L48,1,(K48-L48)/K48*100),0))) -> 50 | R48: =IF(OR(AND(P48=0,E48>K48),L48>E48),TRUE,"")
A49: 40 | B49: 2 | C49: 70 | D49: 1.15 | E49: 4 | F49: 4 | G49: 0.483 | H49: 0 | I49: 0 | J49: 1 | K49: 4 | L49: 3 | M49: 3600 | P49: =IF(ISBLANK(E49),IF(ISBLANK(F49),"",100), IF(E49+F49=0, 0, IF(G49=3600, IF(E49=F49,1,(E49-F49)/E49*100), 0))) -> 0 | Q49: =IF(ISBLANK(K49),"",IF(K49+L49=0,0,IF(M49=3600,IF(K49=L49,1,(K49-L49)/K49*100),0))) -> 25 | R49: =IF(OR(AND(P49=0,E49>K49),L49>E49),TRUE,"")
A50: 40 | B50: 2 | C50: 80 | D50: 1.15 | E50: 4 | F50: 4 | G50: 0.488 | H50: 0 | I50: 0 | J50: 1 | K50: 4 | L50: 3 | M50: 3600 | P50: =IF(ISBLANK(E50),IF(ISBLANK(F50),"",100), IF(E50+F50=0, 0, IF(G50=3600, IF(E50=F50,1,(E50-F50)/E50*100), 0))) -> 0 | Q50: =IF(ISBLANK(K50),"",IF(K50+L50=0,0,IF(M50=3600,IF(K50=L50,1,(K50-L50)/K50*100),0))) -> 25 | R50: =IF(OR(AND(P50=0,E50>K50),L50>E50),TRUE,"")
A51: 40 | B51: 2 | C51: 90 | D51: 1.15 | E51: 4 | F51: 4 | G51: 0.462 | H51: 0 | I51: 0 | J51: 1 | K51: 4 | L51: 2 | M51: 3600 | P51: =IF(ISBLANK(E51),IF(ISBLANK(F51),"",100), IF(E51+F51=0, 0, IF(G51=3600, IF(E51=F51,1,(E51-F51)/E51*100), 0))) -> 0 | Q51: =IF(ISBLANK(K51),"",IF(K51+L51=0,0,IF(M51=3600,IF(K51=L51,1,(K51-L51)/K51*100),0))) -> 50 | R51: =IF(OR(AND(P51=0,E51>K51),L51>E51),TRUE,"")
A52: 40 | B52: 2 | C52: 100 | D52: 1.15 | E52: 4 | F52: 4 | G52: 0.455 | H52: 0 | I52: 0 | J52: 1 | K52: 4 | L52: 2 | M52: 3600 | N52: =AVERAGE(G43:G52) -> 0.4656 | O52: =AVERAGE(M43:M52) -> 3600 | P52: =IF(ISBLANK(E52),IF(ISBLANK(F52),"",100), IF(E52+F52=0, 0, IF(G52=3600, IF(E52=F52,1,(E52-F52)/E52*100), 0))) -> 0 | Q52: =IF(ISBLANK(K52),"",IF(K52+L52=0,0,IF(M52=3600,IF(K52=L52,1,(K52-L52)/K52*100),0))) -> 50 | R52: =IF(OR(AND(P52=0,E52>K52),L52>E52),TRUE,"")
A53: 40 | B53: 3 | C53: 10 | D53: 1.15 | E53: 3 | F53: 3 | G53: 0.39 | H53: 0 | I53: 0 | J53: 1 | K53: 3 | L53: 2 | M53: 3600 | P53: =IF(ISBLANK(E53),IF(ISBLANK(F53),"",100), IF(E53+F53=0, 0, IF(G53=3600, IF(E53=F53,1,(E53-F53)/E53*100), 0))) -> 0 | Q53: =IF(ISBLANK(K53),"",IF(K53+L53=0,0,IF(M53=3600,IF(K53=L53,1,(K53-L53)/K53*100),0))) -> 33.333333 | R53: =IF(OR(AND(P53=0,E53>K53),L53>E53),TRUE,"")
A54: 40 | B54: 3 | C54: 20 | D54: 1.15 | E54: 3 | F54: 3 | G54: 0.386 | H54: 0 | I54: 0 | J54: 1 | K54: 3 | L54: 2 | M54: 3600 | P54: =IF(ISBLANK(E54),IF(ISBLANK(F54),"",100), IF(E54+F54=0, 0, IF(G54=3600, IF(E54=F54,1,(E54-F54)/E54*100), 0))) -> 0 | Q54: =IF(ISBLANK(K54),"",IF(K54+L54=0,0,IF(M54=3600,IF(K54=L54,1,(K54-L54)/K54*100),0))) -> 33.333333 | R54: =IF(OR(AND(P54=0,E54>K54),L54>E54),TRUE,"")
A55: 40 | B55: 3 | C55: 30 | D55: 1.15 | E55: 3 | F55: 3 | G55: 0.382 | H55: 0 | I55: 0 | J55: 1 | K55: 3 | L55: 2 | M55: 3600 | P55: =IF(ISBLANK(E55),IF(ISBLANK(F55),"",100), IF(E55+F55=0, 0, IF(G55=3600, IF(E55=F55,1,(E55-F55)/E55*100), 0))) -> 0 | Q55: =IF(ISBLANK(K55),"",IF(K55+L55=0,0,IF(M55=3600,IF(K55=L55,1,(K55-L55)/K55*100),0))) -> 33.333333 | R55: =IF(OR(AND(P55=0,E55>K55),L55>E55),TRUE,"")
A56: 40 | B56: 3 | C56: 40 | D56: 1.15 | E56: 3 | F56: 3 | G56: 0.367 | H56: 0 | I56: 0 | J56: 1 | K56: 3 | L56: 2 | M56: 3600 | P56: =IF(ISBLANK(E56),IF(ISBLANK(F56),"",100), IF(E56+F56=0, 0, IF(G56=3600, IF(E56=F56,1,(E56-F56)/E56*100), 0))) -> 0 | Q56: =IF(ISBLANK(K56),"",IF(K56+L56=0,0,IF(M56=3600,IF(K56=L56,1,(K56-L56)/K56*100),0))) -> 33.333333 | R56: =IF(OR(AND(P56=0,E56>K56),L56>E56),TRUE,"")
A57: 40 | B57: 3 | C57: 50 | D57: 1.15 | E57: 3 | F57: 3 | G57: 0.405 | H57: 0 | I57: 0 | J57: 1 | K57: 3 | L57: 2 | M57: 3600 | P57: =IF(ISBLANK(E57),IF(ISBLANK(F57),"",100), IF(E57+F57=0, 0, IF(G57=3600, IF(E57=F57,1,(E57-F57)/E57*100), 0))) -> 0 | Q57: =IF(ISBLANK(K57),"",IF(K57+L57=0,0,IF(M57=3600,IF(K57=L57,1,(K57-L57)/K57*100),0))) -> 33.333333 | R57: =IF(OR(AND(P57=0,E57>K57),L57>E57),TRUE,"")
A58: 40 | B58: 3 | C58: 60 | D58: 1.15 | E58: 3 | F58: 3 | G58: 0.424 | H58: 0 | I58: 0 | J58: 1 | K58: 3 | L58: 2 | M58: 3600 | P58: =IF(ISBLANK(E58),IF(ISBLANK(F58),"",100), IF(E58+F58=0, 0, IF(G58=3600, IF(E58=F58,1,(E58-F58)/E58*100), 0))) -> 0 | Q58: =IF(ISBLANK(K58),"",IF(K58+L58=0,0,IF(M58=3600,IF(K58=L58,1,(K58-L58)/K58*100),0))) -> 33.333333 | R58: =IF(OR(AND(P58=0,E58>K58),L58>E58),TRUE,"")
A59: 40 | B59: 3 | C59: 70 | D59: 1.15 | E59: 3 | F59: 3 | G59: 0.393 | H59: 0 | I59: 0 | J59: 1 | K59: 3 | L59: 2 | M59: 3600 | P59: =IF(ISBLANK(E59),IF(ISBLANK(F59),"",100), IF(E59+F59=0, 0, IF(G59=3600, IF(E59=F59,1,(E59-F59)/E59*100), 0))) -> 0 | Q59: =IF(ISBLANK(K59),"",IF(K59+L59=0,0,IF(M59=3600,IF(K59=L59,1,(K59-L59)/K59*100),0))) -> 33.333333 | R59: =IF(OR(AND(P59=0,E59>K59),L59>E59),TRUE,"")
A60: 40 | B60: 3 | C60: 80 | D60: 1.15 | E60: 3 | F60: 3 | G60: 0.356 | H60: 0 | I60: 0 | J60: 1 | K60: 3 | L60: 2 | M60: 3600 | P60: =IF(ISBLANK(E60),IF(ISBLANK(F60),"",100), IF(E60+F60=0, 0, IF(G60=3600, IF(E60=F60,1,(E60-F60)/E60*100), 0))) -> 0 | Q60: =IF(ISBLANK(K60),"",IF(K60+L60=0,0,IF(M60=3600,IF(K60=L60,1,(K60-L60)/K60*100),0))) -> 33.333333 | R60: =IF(OR(AND(P60=0,E60>K60),L60>E60),TRUE,"")
A61: 40 | B61: 3 | C61: 90 | D61: 1.15 | E61: 3 | F61: 3 | G61: 0.388 | H61: 0 | I61: 0 | J61: 1 | K61: 3 | L61: 2 | M61: 3600 | P61: =IF(ISBLANK(E61),IF(ISBLANK(F61),"",100), IF(E61+F61=0, 0, IF(G61=3600, IF(E61=F61,1,(E61-F61)/E61*100), 0))) -> 0 | Q61: =IF(ISBLANK(K61),"",IF(K61+L61=0,0,IF(M61=3600,IF(K61=L61,1,(K61-L61)/K61*100),0))) -> 33.333333 | R61: =IF(OR(AND(P61=0,E61>K61),L61>E61),TRUE,"")
A62: 40 | B62: 3 | C62: 100 | D62: 1.15 | E62: 3 | F62: 3 | G62: 0.412 | H62: 0 | I62: 0 | J62: 1 | K62: 3 | L62: 2 | M62: 3600 | N62: =AVERAGE(G53:G62) -> 0.3903 | O62: =AVERAGE(M53:M62) -> 3600 | P62: =IF(ISBLANK(E62),IF(ISBLANK(F62),"",100), IF(E62+F62=0, 0, IF(G62=3600, IF(E62=F62,1,(E62-F62)/E62*100), 0))) -> 0 | Q62: =IF(ISBLANK(K62),"",IF(K62+L62=0,0,IF(M62=3600,IF(K62=L62,1,(K62-L62)/K62*100),0))) -> 33.333333 | R62: =IF(OR(AND(P62=0,E62>K62),L62>E62),TRUE,"")
A63: 40 | B63: 4 | C63: 10 | D63: 1.15 | E63: 2 | F63: 2 | G63: 0.309 | H63: 0 | I63: 0 | J63: 1 | K63: 2 | L63: 2 | M63: 2274.73 | P63: =IF(ISBLANK(E63),IF(ISBLANK(F63),"",100), IF(E63+F63=0, 0, IF(G63=3600, IF(E63=F63,1,(E63-F63)/E63*100), 0))) -> 0 | Q63: =IF(ISBLANK(K63),"",IF(K63+L63=0,0,IF(M63=3600,IF(K63=L63,1,(K63-L63)/K63*100),0))) -> 0 | R63: =IF(OR(AND(P63=0,E63>K63),L63>E63),TRUE,"")
A64: 40 | B64: 4 | C64: 20 | D64: 1.15 | E64: 2 | F64: 2 | G64: 0.339 | H64: 0 | I64: 0 | J64: 1 | K64: 2 | L64: 2 | M64: 2415.52 | P64: =IF(ISBLANK(E64),IF(ISBLANK(F64),"",100), IF(E64+F64=0, 0, IF(G64=3600, IF(E64=F64,1,(E64-F64)/E64*100), 0))) -> 0 | Q64: =IF(ISBLANK(K64),"",IF(K64+L64=0,0,IF(M64=3600,IF(K64=L64,1,(K64-L64)/K64*100),0))) -> 0 | R64: =IF(OR(AND(P64=0,E64>K64),L64>E64),TRUE,"")
A65: 40 | B65: 4 | C65: 30 | D65: 1.15 | E65: 2 | F65: 2 | G65: 0.312 | H65: 0 | I65: 0 | J65: 1 | K65: 2 | L65: 1 | M65: 3600 | P65: =IF(ISBLANK(E65),IF(ISBLANK(F65),"",100), IF(E65+F65=0, 0, IF(G65=3600, IF(E65=F65,1,(E65-F65)/E65*100), 0))) -> 0 | Q65: =IF(ISBLANK(K65),"",IF(K65+L65=0,0,IF(M65=3600,IF(K65=L65,1,(K65-L65)/K65*100),0))) -> 50 | R65: =IF(OR(AND(P65=0,E65>K65),L65>E65),TRUE,"")
A66: 40 | B66: 4 | C66: 40 | D66: 1.15 | E66: 2 | F66: 2 | G66: 0.282 | H66: 0 | I66: 0 | J66: 1 | K66: 2 | L66: 2 | M66: 3408.43 | P66: =IF(ISBLANK(E66),IF(ISBLANK(F66),"",100), IF(E66+F66=0, 0, IF(G66=3600, IF(E66=F66,1,(E66-F66)/E66*100), 0))) -> 0 | Q66: =IF(ISBLANK(K66),"",IF(K66+L66=0,0,IF(M66=3600,IF(K66=L66,1,(K66-L66)/K66*100),0))) -> 0 | R66: =IF(OR(AND(P66=0,E66>K66),L66>E66),TRUE,"")
A67: 40 | B67: 4 | C67: 50 | D67: 1.15 | E67: 2 | F67: 2 | G67: 0.293 | H67: 0 | I67: 0 | J67: 1 | K67: 2 | L67: 1 | M67: 3600 | P67: =IF(ISBLANK(E67),IF(ISBLANK(F67),"",100), IF(E67+F67=0, 0, IF(G67=3600, IF(E67=F67,1,(E67-F67)/E67*100), 0))) -> 0 | Q67: =IF(ISBLANK(K67),"",IF(K67+L67=0,0,IF(M67=3600,IF(K67=L67,1,(K67-L67)/K67*100),0))) -> 50 | R67: =IF(OR(AND(P67=0,E67>K67),L67>E67),TRUE,"")
A68: 40 | B68: 4 | C68: 60 | D68: 1.15 | E68: 2 | F68: 2 | G68: 0.297 | H68: 0 | I68: 0 | J68: 1 | K68: 2 | L68: 2 | M68: 2593.37 | P68: =IF(ISBLANK(E68),IF(ISBLANK(F68),"",100), IF(E68+F68=0, 0, IF(G68=3600, IF(E68=F68,1,(E68-F68)/E68*100), 0))) -> 0 | Q68: =IF(ISBLANK(K68),"",IF(K68+L68=0,0,IF(M68=3600,IF(K68=L68,1,(K68-L68)/K68*100),0))) -> 0 | R68: =IF(OR(AND(P68=0,E68>K68),L68>E68),TRUE,"")
A69: 40 | B69: 4 | C69: 70 | D69: 1.15 | E69: 2 | F69: 2 | G69: 0.341 | H69: 0 | I69: 0 | J69: 1 | K69: 2 | L69: 2 | M69: 2392.5 | P69: =IF(ISBLANK(E69),IF(ISBLANK(F69),"",100), IF(E69+F69=0, 0, IF(G69=3600, IF(E69=F69,1,(E69-F69)/E69*100), 0))) -> 0 | Q69: =IF(ISBLANK(K69),"",IF(K69+L69=0,0,IF(M69=3600,IF(K69=L69,1,(K69-L69)/K69*100),0))) -> 0 | R69: =IF(OR(AND(P69=0,E69>K69),L69>E69),TRUE,"")
A70: 40 | B70: 4 | C70: 80 | D70: 1.15 | E70: 2 | F70: 2 | G70: 0.345 | H70: 0 | I70: 0 | J70: 1 | K70: 2 | L70: 2 | M70: 2920.02 | P70: =IF(ISBLANK(E70),IF(ISBLANK(F70),"",100), IF(E70+F70=0, 0, IF(G70=3600, IF(E70=F70,1,(E70-F70)/E70*100), 0))) -> 0 | Q70: =IF(ISBLANK(K70),"",IF(K70+L70=0,0,IF(M70=3600,IF(K70=L70,1,(K70-L70)/K70*100),0))) -> 0 | R70: =IF(OR(AND(P70=0,E70>K70),L70>E70),TRUE,"")
A71: 40 | B71: 4 | C71: 90 | D71: 1.15 | E71: 2 | F71: 2 | G71: 0.28 | H71: 0 | I71: 0 | J71: 1 | K71: 3 | L71: 2 | M71: 3600 | P71: =IF(ISBLANK(E71),IF(ISBLANK(F71),"",100), IF(E71+F71=0, 0, IF(G71=3600, IF(E71=F71,1,(E71-F71)/E71*100), 0))) -> 0 | Q71: =IF(ISBLANK(K71),"",IF(K71+L71=0,0,IF(M71=3600,IF(K71=L71,1,(K71-L71)/K71*100),0))) -> 33.333333 | R71: =IF(OR(AND(P71=0,E71>K71),L71>E71),TRUE,"")
A72: 40 | B72: 4 | C72: 100 | D72: 1.15 | E72: 2 | F72: 2 | G72: 0.342 | H72: 0 | I72: 0 | J72: 1 | K72: 2 | L72: 1 | M72: 3600 | N72: =AVERAGE(G63:G72) -> 0.314 | O72: =AVERAGE(M63:M72) -> 3040.457 | P72: =IF(ISBLANK(E72),IF(ISBLANK(F72),"",100), IF(E72+F72=0, 0, IF(G72=3600, IF(E72=F72,1,(E72-F72)/E72*100), 0))) -> 0 | Q72: =IF(ISBLANK(K72),"",IF(K72+L72=0,0,IF(M72=3600,IF(K72=L72,1,(K72-L72)/K72*100),0))) -> 50 | R72: =IF(OR(AND(P72=0,E72>K72),L72>E72),TRUE,"")
A73: 40 | B73: 5 | C73: 10 | D73: 1.15 | E73: 2 | F73: 2 | G73: 0.217 | H73: 0 | I73: 2 | J73: 1 | K73: 2 | L73: 1 | M73: 3600 | P73: =IF(ISBLANK(E73),IF(ISBLANK(F73),"",100), IF(E73+F73=0, 0, IF(G73=3600, IF(E73=F73,1,(E73-F73)/E73*100), 0))) -> 0 | Q73: =IF(ISBLANK(K73),"",IF(K73+L73=0,0,IF(M73=3600,IF(K73=L73,1,(K73-L73)/K73*100),0))) -> 50 | R73: =IF(OR(AND(P73=0,E73>K73),L73>E73),TRUE,"")
A74: 40 | B74: 5 | C74: 20 | D74: 1.15 | E74: 1 | F74: 1 | G74: 0.242 | H74: 0 | I74: 0 | J74: 1 | K74: 1 | L74: 1 | M74: 452.67 | P74: =IF(ISBLANK(E74),IF(ISBLANK(F74),"",100), IF(E74+F74=0, 0, IF(G74=3600, IF(E74=F74,1,(E74-F74)/E74*100), 0))) -> 0 | Q74: =IF(ISBLANK(K74),"",IF(K74+L74=0,0,IF(M74=3600,IF(K74=L74,1,(K74-L74)/K74*100),0))) -> 0 | R74: =IF(OR(AND(P74=0,E74>K74),L74>E74),TRUE,"")
A75: 40 | B75: 5 | C75: 30 | D75: 1.15 | E75: 2 | F75: 2 | G75: 0.562 | H75: 0 | I75: 2 | J75: 2 | K75: 2 | L75: 1 | M75: 3600 | P75: =IF(ISBLANK(E75),IF(ISBLANK(F75),"",100), IF(E75+F75=0, 0, IF(G75=3600, IF(E75=F75,1,(E75-F75)/E75*100), 0))) -> 0 | Q75: =IF(ISBLANK(K75),"",IF(K75+L75=0,0,IF(M75=3600,IF(K75=L75,1,(K75-L75)/K75*100),0))) -> 50 | R75: =IF(OR(AND(P75=0,E75>K75),L75>E75),TRUE,"")
A76: 40 | B76: 5 | C76: 40 | D76: 1.15 | E76: 1 | F76: 1 | G76: 0.248 | H76: 0 | I76: 0 | J76: 1 | K76: 1 | L76: 1 | M76: 373.73 | P76: =IF(ISBLANK(E76),IF(ISBLANK(F76),"",100), IF(E76+F76=0, 0, IF(G76=3600, IF(E76=F76,1,(E76-F76)/E76*100), 0))) -> 0 | Q76: =IF(ISBLANK(K76),"",IF(K76+L76=0,0,IF(M76=3600,IF(K76=L76,1,(K76-L76)/K76*100),0))) -> 0 | R76: =IF(OR(AND(P76=0,E76>K76),L76>E76),TRUE,"")
A77: 40 | B77: 5 | C77: 50 | D77: 1.15 | E77: 2 | F77: 2 | G77: 2.079 | H77: 0 | I77: 2 | J77: 3 | K77: 2 | L77: 1 | M77: 3600 | P77: =IF(ISBLANK(E77),IF(ISBLANK(F77),"",100), IF(E77+F77=0, 0, IF(G77=3600, IF(E77=F77,1,(E77-F77)/E77*100), 0))) -> 0 | Q77: =IF(ISBLANK(K77),"",IF(K77+L77=0,0,IF(M77=3600,IF(K77=L77,1,(K77-L77)/K77*100),0))) -> 50 | R77: =IF(OR(AND(P77=0,E77>K77),L77>E77),TRUE,"")
A78: 40 | B78: 5 | C78: 60 | D78: 1.15 | E78: 1 | F78: 1 | G78: 0.206 | H78: 0 | I78: 0 | J78: 1 | K78: 1 | L78: 1 | M78: 637.81 | P78: =IF(ISBLANK(E78),IF(ISBLANK(F78),"",100), IF(E78+F78=0, 0, IF(G78=3600, IF(E78=F78,1,(E78-F78)/E78*100), 0))) -> 0 | Q78: =IF(ISBLANK(K78),"",IF(K78+L78=0,0,IF(M78=3600,IF(K78=L78,1,(K78-L78)/K78*100),0))) -> 0 | R78: =IF(OR(AND(P78=0,E78>K78),L78>E78),TRUE,"")
A79: 40 | B79: 5 | C79: 70 | D79: 1.15 | E79: 1 | F79: 1 | G79: 0.247 | H79: 0 | I79: 0 | J79: 1 | K79: 1 | L79: 1 | M79: 1137.74 | P79: =IF(ISBLANK(E79),IF(ISBLANK(F79),"",100), IF(E79+F79=0, 0, IF(G79=3600, IF(E79=F79,1,(E79-F79)/E79*100), 0))) -> 0 | Q79: =IF(ISBLANK(K79),"",IF(K79+L79=0,0,IF(M79=3600,IF(K79=L79,1,(K79-L79)/K79*100),0))) -> 0 | R79: =IF(OR(AND(P79=0,E79>K79),L79>E79),TRUE,"")
A80: 40 | B80: 5 | C80: 80 | D80: 1.15 | E80: 2 | F80: 2 | G80: 0.219 | H80: 0 | I80: 1 | J80: 1 | K80: 2 | L80: 1 | M80: 3600 | P80: =IF(ISBLANK(E80),IF(ISBLANK(F80),"",100), IF(E80+F80=0, 0, IF(G80=3600, IF(E80=F80,1,(E80-F80)/E80*100), 0))) -> 0 | Q80: =IF(ISBLANK(K80),"",IF(K80+L80=0,0,IF(M80=3600,IF(K80=L80,1,(K80-L80)/K80*100),0))) -> 50 | R80: =IF(OR(AND(P80=0,E80>K80),L80>E80),TRUE,"")
A81: 40 | B81: 5 | C81: 90 | D81: 1.15 | E81: 2 | F81: 2 | G81: 2.068 | H81: 0 | I81: 3 | J81: 4 | K81: 2 | L81: 1 | M81: 3600 | P81: =IF(ISBLANK(E81),IF(ISBLANK(F81),"",100), IF(E81+F81=0, 0, IF(G81=3600, IF(E81=F81,1,(E81-F81)/E81*100), 0))) -> 0 | Q81: =IF(ISBLANK(K81),"",IF(K81+L81=0,0,IF(M81=3600,IF(K81=L81,1,(K81-L81)/K81*100),0))) -> 50 | R81: =IF(OR(AND(P81=0,E81>K81),L81>E81),TRUE,"")
A82: 40 | B82: 5 | C82: 100 | D82: 1.15 | E82: 1 | F82: 1 | G82: 0.237 | H82: 0 | I82: 0 | J82: 1 | K82: 1 | L82: 1 | M82: 214.41 | N82: =AVERAGE(G73:G82) -> 0.6325 | O82: =AVERAGE(M73:M82) -> 2081.636 | P82: =IF(ISBLANK(E82),IF(ISBLANK(F82),"",100), IF(E82+F82=0, 0, IF(G82=3600, IF(E82=F82,1,(E82-F82)/E82*100), 0))) -> 0 | Q82: =IF(ISBLANK(K82),"",IF(K82+L82=0,0,IF(M82=3600,IF(K82=L82,1,(K82-L82)/K82*100),0))) -> 0 | R82: =IF(OR(AND(P82=0,E82>K82),L82>E82),TRUE,"")
A83: 50 | B83: 2 | C83: 10 | D83: 1.15 | E83: 5 | F83: 5 | G83: 1.163 | H83: 0 | I83: 0 | J83: 1 | K83: 5 | L83: 2 | M83: 3600 | P83: =IF(ISBLANK(E83),IF(ISBLANK(F83),"",100), IF(E83+F83=0, 0, IF(G83=3600, IF(E83=F83,1,(E83-F83)/E83*100), 0))) -> 0 | Q83: =IF(ISBLANK(K83),"",IF(K83+L83=0,0,IF(M83=3600,IF(K83=L83,1,(K83-L83)/K83*100),0))) -> 60 | R83: =IF(OR(AND(P83=0,E83>K83),L83>E83),TRUE,"")
A84: 50 | B84: 2 | C84: 20 | D84: 1.15 | E84: 5 | F84: 5 | G84: 1.061 | H84: 0 | I84: 0 | J84: 1 | K84: 6 | L84: 2 | M84: 3600 | P84: =IF(ISBLANK(E84),IF(ISBLANK(F84),"",100), IF(E84+F84=0, 0, IF(G84=3600, IF(E84=F84,1,(E84-F84)/E84*100), 0))) -> 0 | Q84: =IF(ISBLANK(K84),"",IF(K84+L84=0,0,IF(M84=3600,IF(K84=L84,1,(K84-L84)/K84*100),0))) -> 66.666667 | R84: =IF(OR(AND(P84=0,E84>K84),L84>E84),TRUE,"")
A85: 50 | B85: 2 | C85: 30 | D85: 1.15 | E85: 5 | F85: 5 | G85: 1.443 | H85: 0 | I85: 0 | J85: 1 | K85: 5 | L85: 2 | M85: 3600 | P85: =IF(ISBLANK(E85),IF(ISBLANK(F85),"",100), IF(E85+F85=0, 0, IF(G85=3600, IF(E85=F85,1,(E85-F85)/E85*100), 0))) -> 0 | Q85: =IF(ISBLANK(K85),"",IF(K85+L85=0,0,IF(M85=3600,IF(K85=L85,1,(K85-L85)/K85*100),0))) -> 60 | R85: =IF(OR(AND(P85=0,E85>K85),L85>E85),TRUE,"")
A86: 50 | B86: 2 | C86: 40 | D86: 1.15 | E86: 5 | F86: 5 | G86: 1.218 | H86: 0 | I86: 0 | J86: 1 | K86: 5 | L86: 2 | M86: 3600 | P86: =IF(ISBLANK(E86),IF(ISBLANK(F86),"",100), IF(E86+F86=0, 0, IF(G86=3600, IF(E86=F86,1,(E86-F86)/E86*100), 0))) -> 0 | Q86: =IF(ISBLANK(K86),"",IF(K86+L86=0,0,IF(M86=3600,IF(K86=L86,1,(K86-L86)/K86*100),0))) -> 60 | R86: =IF(OR(AND(P86=0,E86>K86),L86>E86),TRUE,"")
A87: 50 | B87: 2 | C87: 50 | D87: 1.15 | E87: 5 | F87: 5 | G87: 1.074 | H87: 0 | I87: 0 | J87: 1 | K87: 5 | L87: 2 | M87: 3600 | P87: =IF(ISBLANK(E87),IF(ISBLANK(F87),"",100), IF(E87+F87=0, 0, IF(G87=3600, IF(E87=F87,1,(E87-F87)/E87*100), 0))) -> 0 | Q87: =IF(ISBLANK(K87),"",IF(K87+L87=0,0,IF(M87=3600,IF(K87=L87,1,(K87-L87)/K87*100),0))) -> 60 | R87: =IF(OR(AND(P87=0,E87>K87),L87>E87),TRUE,"")
A88: 50 | B88: 2 | C88: 60 | D88: 1.15 | E88: 5 | F88: 5 | G88: 1.289 | H88: 0 | I88: 0 | J88: 1 | K88: 5 | L88: 2 | M88: 3600 | P88: =IF(ISBLANK(E88),IF(ISBLANK(F88),"",100), IF(E88+F88=0, 0, IF(G88=3600, IF(E88=F88,1,(E88-F88)/E88*100), 0))) -> 0 | Q88: =IF(ISBLANK(K88),"",IF(K88+L88=0,0,IF(M88=3600,IF(K88=L88,1,(K88-L88)/K88*100),0))) -> 60 | R88: =IF(OR(AND(P88=0,E88>K88),L88>E88),TRUE,"")
A89: 50 | B89: 2 | C89: 70 | D89: 1.15 | E89: 5 | F89: 5 | G89: 1.281 | H89: 0 | I89: 0 | J89: 1 | K89: 5 | L89: 2 | M89: 3600 | P89: =IF(ISBLANK(E89),IF(ISBLANK(F89),"",100), IF(E89+F89=0, 0, IF(G89=3600, IF(E89=F89,1,(E89-F89)/E89*100), 0))) -> 0 | Q89: =IF(ISBLANK(K89),"",IF(K89+L89=0,0,IF(M89=3600,IF(K89=L89,1,(K89-L89)/K89*100),0))) -> 60 | R89: =IF(OR(AND(P89=0,E89>K89),L89>E89),TRUE,"")
A90: 50 | B90: 2 | C90: 80 | D90: 1.15 | E90: 5 | F90: 5 | G90: 1.199 | H90: 0 | I90: 0 | J90: 1 | K90: 5 | L90: 2 | M90: 3600 | P90: =IF(ISBLANK(E90),IF(ISBLANK(F90),"",100), IF(E90+F90=0, 0, IF(G90=3600, IF(E90=F90,1,(E90-F90)/E90*100), 0))) -> 0 | Q90: =IF(ISBLANK(K90),"",IF(K90+L90=0,0,IF(M90=3600,IF(K90=L90,1,(K90-L90)/K90*100),0))) -> 60 | R90: =IF(OR(AND(P90=0,E90>K90),L90>E90),TRUE,"")
A91: 50 | B91: 2 | C91: 90 | D91: 1.15 | E91: 5 | F91: 5 | G91: 1.043 | H91: 0 | I91: 0 | J91: 1 | K91: 6 | L91: 2 | M91: 3600 | P91: =IF(ISBLANK(E91),IF(ISBLANK(F91),"",100), IF(E91+F91=0, 0, IF(G91=3600, IF(E91=F91,1,(E91-F91)/E91*100), 0))) -> 0 | Q91: =IF(ISBLANK(K91),"",IF(K91+L91=0,0,IF(M91=3600,IF(K91=L91,1,(K91-L91)/K91*100),0))) -> 66.666667 | R91: =IF(OR(AND(P91=0,E91>K91),L91>E91),TRUE,"")
A92: 50 | B92: 2 | C92: 100 | D92: 1.15 | E92: 5 | F92: 5 | G92: 1.188 | H92: 0 | I92: 0 | J92: 1 | K92: 5 | L92: 2 | M92: 3600 | N92: =AVERAGE(G83:G92) -> 1.1959 | O92: =AVERAGE(M83:M92) -> 3600 | P92: =IF(ISBLANK(E92),IF(ISBLANK(F92),"",100), IF(E92+F92=0, 0, IF(G92=3600, IF(E92=F92,1,(E92-F92)/E92*100), 0))) -> 0 | Q92: =IF(ISBLANK(K92),"",IF(K92+L92=0,0,IF(M92=3600,IF(K92=L92,1,(K92-L92)/K92*100),0))) -> 60 | R92: =IF(OR(AND(P92=0,E92>K92),L92>E92),TRUE,"")
A93: 50 | B93: 3 | C93: 10 | D93: 1.15 | E93: 4 | F93: 4 | G93: 0.817 | H93: 0 | I93: 0 | J93: 1 | K93: 5 | L93: 2 | M93: 3600 | P93: =IF(ISBLANK(E93),IF(ISBLANK(F93),"",100), IF(E93+F93=0, 0, IF(G93=3600, IF(E93=F93,1,(E93-F93)/E93*100), 0))) -> 0 | Q93: =IF(ISBLANK(K93),"",IF(K93+L93=0,0,IF(M93=3600,IF(K93=L93,1,(K93-L93)/K93*100),0))) -> 60 | R93: =IF(OR(AND(P93=0,E93>K93),L93>E93),TRUE,"")
A94: 50 | B94: 3 | C94: 20 | D94: 1.15 | E94: 4 | F94: 4 | G94: 0.933 | H94: 0 | I94: 0 | J94: 1 | K94: 4 | L94: 1 | M94: 3600 | P94: =IF(ISBLANK(E94),IF(ISBLANK(F94),"",100), IF(E94+F94=0, 0, IF(G94=3600, IF(E94=F94,1,(E94-F94)/E94*100), 0))) -> 0 | Q94: =IF(ISBLANK(K94),"",IF(K94+L94=0,0,IF(M94=3600,IF(K94=L94,1,(K94-L94)/K94*100),0))) -> 75 | R94: =IF(OR(AND(P94=0,E94>K94),L94>E94),TRUE,"")
A95: 50 | B95: 3 | C95: 30 | D95: 1.15 | E95: 4 | F95: 4 | G95: 1.22 | H95: 0 | I95: 0 | J95: 1 | K95: 4 | L95: 1 | M95: 3600 | P95: =IF(ISBLANK(E95),IF(ISBLANK(F95),"",100), IF(E95+F95=0, 0, IF(G95=3600, IF(E95=F95,1,(E95-F95)/E95*100), 0))) -> 0 | Q95: =IF(ISBLANK(K95),"",IF(K95+L95=0,0,IF(M95=3600,IF(K95=L95,1,(K95-L95)/K95*100),0))) -> 75 | R95: =IF(OR(AND(P95=0,E95>K95),L95>E95),TRUE,"")
A96: 50 | B96: 3 | C96: 40 | D96: 1.15 | E96: 4 | F96: 4 | G96: 0.83 | H96: 0 | I96: 0 | J96: 1 | K96: 4 | L96: 1 | M96: 3600 | P96: =IF(ISBLANK(E96),IF(ISBLANK(F96),"",100), IF(E96+F96=0, 0, IF(G96=3600, IF(E96=F96,1,(E96-F96)/E96*100), 0))) -> 0 | Q96: =IF(ISBLANK(K96),"",IF(K96+L96=0,0,IF(M96=3600,IF(K96=L96,1,(K96-L96)/K96*100),0))) -> 75 | R96: =IF(OR(AND(P96=0,E96>K96),L96>E96),TRUE,"")
A97: 50 | B97: 3 | C97: 50 | D97: 1.15 | E97: 4 | F97: 4 | G97: 0.768 | H97: 0 | I97: 0 | J97: 1 | K97: 5 | L97: 1 | M97: 3600 | P97: =IF(ISBLANK(E97),IF(ISBLANK(F97),"",100), IF(E97+F97=0, 0, IF(G97=3600, IF(E97=F97,1,(E97-F97)/E97*100), 0))) -> 0 | Q97: =IF(ISBLANK(K97),"",IF(K97+L97=0,0,IF(M97=3600,IF(K97=L97,1,(K97-L97)/K97*100),0))) -> 80 | R97: =IF(OR(AND(P97=0,E97>K97),L97>E97),TRUE,"")
A98: 50 | B98: 3 | C98: 60 | D98: 1.15 | E98: 4 | F98: 4 | G98: 1.011 | H98: 0 | I98: 0 | J98: 1 | K98: 4 | L98: 2 | M98: 3600 | P98: =IF(ISBLANK(E98),IF(ISBLANK(F98),"",100), IF(E98+F98=0, 0, IF(G98=3600, IF(E98=F98,1,(E98-F98)/E98*100), 0))) -> 0 | Q98: =IF(ISBLANK(K98),"",IF(K98+L98=0,0,IF(M98=3600,IF(K98=L98,1,(K98-L98)/K98*100),0))) -> 50 | R98: =IF(OR(AND(P98=0,E98>K98),L98>E98),TRUE,"")
A99: 50 | B99: 3 | C99: 70 | D99: 1.15 | E99: 4 | F99: 4 | G99: 1.07 | H99: 0 | I99: 0 | J99: 1 | K99: 4 | L99: 2 | M99: 3600 | P99: =IF(ISBLANK(E99),IF(ISBLANK(F99),"",100), IF(E99+F99=0, 0, IF(G99=3600, IF(E99=F99,1,(E99-F99)/E99*100), 0))) -> 0 | Q99: =IF(ISBLANK(K99),"",IF(K99+L99=0,0,IF(M99=3600,IF(K99=L99,1,(K99-L99)/K99*100),0))) -> 50 | R99: =IF(OR(AND(P99=0,E99>K99),L99>E99),TRUE,"")
A100: 50 | B100: 3 | C100: 80 | D100: 1.15 | E100: 4 | F100: 4 | G100: 1.011 | H100: 0 | I100: 0 | J100: 1 | K100: 4 | L100: 1 | M100: 3600 | P100: =IF(ISBLANK(E100),IF(ISBLANK(F100),"",100), IF(E100+F100=0, 0, IF(G100=3600, IF(E100=F100,1,(E100-F100)/E100*100), 0))) -> 0 | Q100: =IF(ISBLANK(K100),"",IF(K100+L100=0,0,IF(M100=3600,IF(K100=L100,1,(K100-L100)/K100*100),0))) -> 75 | R100: =IF(OR(AND(P100=0,E100>K100),L100>E100),TRUE,"")
...

Sheet low_high
D1: Ours
A2: Job num | B2: Machine num | C2: Seed | D2: Lambda | E2: objective value | F2: lower bound | G2: total time | H2: initial ban num | I2: total ban num | J2: total iter num | K2: AVG | L2: BC GAP
A3: 30 | B3: 2 | C3: 10 | D3: 1.15 | E3: 2 | F3: 2 | G3: 0.081 | H3: 0 | I3: 0 | J3: 1 | L3: =IF(ISBLANK(E3),IF(ISBLANK(F3),"",100), IF(E3+F3=0, 0, IF(G3=3600, IF(E3=F3,1,(E3-F3)/E3*100), 0))) -> 0
A4: 30 | B4: 2 | C4: 20 | D4: 1.15 | E4: 2 | F4: 2 | G4: 0.097 | H4: 0 | I4: 0 | J4: 1 | L4: =IF(ISBLANK(E4),IF(ISBLANK(F4),"",100), IF(E4+F4=0, 0, IF(G4=3600, IF(E4=F4,1,(E4-F4)/E4*100), 0))) -> 0
A5: 30 | B5: 2 | C5: 30 | D5: 1.15 | E5: 2 | F5: 2 | G5: 0.116 | H5: 0 | I5: 0 | J5: 1 | L5: =IF(ISBLANK(E5),IF(ISBLANK(F5),"",100), IF(E5+F5=0, 0, IF(G5=3600, IF(E5=F5,1,(E5-F5)/E5*100), 0))) -> 0
A6: 30 | B6: 2 | C6: 40 | D6: 1.15 | E6: 2 | F6: 2 | G6: 0.083 | H6: 0 | I6: 0 | J6: 1 | L6: =IF(ISBLANK(E6),IF(ISBLANK(F6),"",100), IF(E6+F6=0, 0, IF(G6=3600, IF(E6=F6,1,(E6-F6)/E6*100), 0))) -> 0
A7: 30 | B7: 2 | C7: 50 | D7: 1.15 | E7: 2 | F7: 2 | G7: 0.07 | H7: 0 | I7: 0 | J7: 1 | L7: =IF(ISBLANK(E7),IF(ISBLANK(F7),"",100), IF(E7+F7=0, 0, IF(G7=3600, IF(E7=F7,1,(E7-F7)/E7*100), 0))) -> 0
A8: 30 | B8: 2 | C8: 60 | D8: 1.15 | E8: 2 | F8: 2 | G8: 0.069 | H8: 0 | I8: 0 | J8: 1 | L8: =IF(ISBLANK(E8),IF(ISBLANK(F8),"",100), IF(E8+F8=0, 0, IF(G8=3600, IF(E8=F8,1,(E8-F8)/E8*100), 0))) -> 0
A9: 30 | B9: 2 | C9: 70 | D9: 1.15 | E9: 2 | F9: 2 | G9: 0.083 | H9: 0 | I9: 0 | J9: 1 | L9: =IF(ISBLANK(E9),IF(ISBLANK(F9),"",100), IF(E9+F9=0, 0, IF(G9=3600, IF(E9=F9,1,(E9-F9)/E9*100), 0))) -> 0
A10: 30 | B10: 2 | C10: 80 | D10: 1.15 | E10: 2 | F10: 2 | G10: 0.099 | H10: 0 | I10: 0 | J10: 1 | L10: =IF(ISBLANK(E10),IF(ISBLANK(F10),"",100), IF(E10+F10=0, 0, IF(G10=3600, IF(E10=F10,1,(E10-F10)/E10*100), 0))) -> 0
A11: 30 | B11: 2 | C11: 90 | D11: 1.15 | E11: 2 | F11: 2 | G11: 0.077 | H11: 0 | I11: 0 | J11: 1 | L11: =IF(ISBLANK(E11),IF(ISBLANK(F11),"",100), IF(E11+F11=0, 0, IF(G11=3600, IF(E11=F11,1,(E11-F11)/E11*100), 0))) -> 0
A12: 30 | B12: 2 | C12: 100 | D12: 1.15 | E12: 2 | F12: 2 | G12: 0.09 | H12: 0 | I12: 0 | J12: 1 | K12: =AVERAGE(G3:G12) -> 0.0865 | L12: =IF(ISBLANK(E12),IF(ISBLANK(F12),"",100), IF(E12+F12=0, 0, IF(G12=3600, IF(E12=F12,1,(E12-F12)/E12*100), 0))) -> 0
A13: 30 | B13: 3 | C13: 10 | D13: 1.15 | E13: 1 | F13: 1 | G13: 0.109 | H13: 0 | I13: 0 | J13: 1 | L13: =IF(ISBLANK(E13),IF(ISBLANK(F13),"",100), IF(E13+F13=0, 0, IF(G13=3600, IF(E13=F13,1,(E13-F13)/E13*100), 0))) -> 0
A14: 30 | B14: 3 | C14: 20 | D14: 1.15 | E14: 1 | F14: 1 | G14: 0.131 | H14: 0 | I14: 0 | J14: 1 | L14: =IF(ISBLANK(E14),IF(ISBLANK(F14),"",100), IF(E14+F14=0, 0, IF(G14=3600, IF(E14=F14,1,(E14-F14)/E14*100), 0))) -> 0
A15: 30 | B15: 3 | C15: 30 | D15: 1.15 | E15: 1 | F15: 1 | G15: 0.124 | H15: 0 | I15: 0 | J15: 1 | L15: =IF(ISBLANK(E15),IF(ISBLANK(F15),"",100), IF(E15+F15=0, 0, IF(G15=3600, IF(E15=F15,1,(E15-F15)/E15*100), 0))) -> 0
A16: 30 | B16: 3 | C16: 40 | D16: 1.15 | E16: 1 | F16: 1 | G16: 0.087 | H16: 0 | I16: 0 | J16: 1 | L16: =IF(ISBLANK(E16),IF(ISBLANK(F16),"",100), IF(E16+F16=0, 0, IF(G16=3600, IF(E16=F16,1,(E16-F16)/E16*100), 0))) -> 0
A17: 30 | B17: 3 | C17: 50 | D17: 1.15 | E17: 1 | F17: 1 | G17: 0.107 | H17: 0 | I17: 0 | J17: 1 | L17: =IF(ISBLANK(E17),IF(ISBLANK(F17),"",100), IF(E17+F17=0, 0, IF(G17=3600, IF(E17=F17,1,(E17-F17)/E17*100), 0))) -> 0
A18: 30 | B18: 3 | C18: 60 | D18: 1.15 | E18: 1 | F18: 1 | G18: 0.093 | H18: 0 | I18: 0 | J18: 1 | L18: =IF(ISBLANK(E18),IF(ISBLANK(F18),"",100), IF(E18+F18=0, 0, IF(G18=3600, IF(E18=F18,1,(E18-F18)/E18*100), 0))) -> 0
A19: 30 | B19: 3 | C19: 70 | D19: 1.15 | E19: 1 | F19: 1 | G19: 0.107 | H19: 0 | I19: 0 | J19: 1 | L19: =IF(ISBLANK(E19),IF(ISBLANK(F19),"",100), IF(E19+F19=0, 0, IF(G19=3600, IF(E19=F19,1,(E19-F19)/E19*100), 0))) -> 0
A20: 30 | B20: 3 | C20: 80 | D20: 1.15 | E20: 1 | F20: 1 | G20: 0.122 | H20: 0 | I20: 0 | J20: 1 | L20: =IF(ISBLANK(E20),IF(ISBLANK(F20),"",100), IF(E20+F20=0, 0, IF(G20=3600, IF(E20=F20,1,(E20-F20)/E20*100), 0))) -> 0
A21: 30 | B21: 3 | C21: 90 | D21: 1.15 | E21: 1 | F21: 1 | G21: 0.108 | H21: 0 | I21: 0 | J21: 1 | L21: =IF(ISBLANK(E21),IF(ISBLANK(F21),"",100), IF(E21+F21=0, 0, IF(G21=3600, IF(E21=F21,1,(E21-F21)/E21*100), 0))) -> 0
A22: 30 | B22: 3 | C22: 100 | D22: 1.15 | E22: 1 | F22: 1 | G22: 0.093 | H22: 0 | I22: 0 | J22: 1 | K22: =AVERAGE(G13:G22) -> 0.1081 | L22: =IF(ISBLANK(E22),IF(ISBLANK(F22),"",100), IF(E22+F22=0, 0, IF(G22=3600, IF(E22=F22,1,(E22-F22)/E22*100), 0))) -> 0
A23: 30 | B23: 4 | C23: 10 | D23: 1.15 | E23: 0 | F23: 0 | G23: 0.061 | H23: 0 | I23: 0 | J23: 1 | L23: =IF(ISBLANK(E23),IF(ISBLANK(F23),"",100), IF(E23+F23=0, 0, IF(G23=3600, IF(E23=F23,1,(E23-F23)/E23*100), 0))) -> 0
A24: 30 | B24: 4 | C24: 20 | D24: 1.15 | E24: 0 | F24: 0 | G24: 0.06 | H24: 0 | I24: 0 | J24: 1 | L24: =IF(ISBLANK(E24),IF(ISBLANK(F24),"",100), IF(E24+F24=0, 0, IF(G24=3600, IF(E24=F24,1,(E24-F24)/E24*100), 0))) -> 0
A25: 30 | B25: 4 | C25: 30 | D25: 1.15 | E25: 0 | F25: 0 | G25: 0.086 | H25: 0 | I25: 0 | J25: 1 | L25: =IF(ISBLANK(E25),IF(ISBLANK(F25),"",100), IF(E25+F25=0, 0, IF(G25=3600, IF(E25=F25,1,(E25-F25)/E25*100), 0))) -> 0
A26: 30 | B26: 4 | C26: 40 | D26: 1.15 | E26: 0 | F26: 0 | G26: 0.091 | H26: 0 | I26: 0 | J26: 1 | L26: =IF(ISBLANK(E26),IF(ISBLANK(F26),"",100), IF(E26+F26=0, 0, IF(G26=3600, IF(E26=F26,1,(E26-F26)/E26*100), 0))) -> 0
A27: 30 | B27: 4 | C27: 50 | D27: 1.15 | E27: 0 | F27: 0 | G27: 0.062 | H27: 0 | I27: 0 | J27: 1 | L27: =IF(ISBLANK(E27),IF(ISBLANK(F27),"",100), IF(E27+F27=0, 0, IF(G27=3600, IF(E27=F27,1,(E27-F27)/E27*100), 0))) -> 0
A28: 30 | B28: 4 | C28: 60 | D28: 1.15 | E28: 0 | F28: 0 | G28: 0.09 | H28: 0 | I28: 0 | J28: 1 | L28: =IF(ISBLANK(E28),IF(ISBLANK(F28),"",100), IF(E28+F28=0, 0, IF(G28=3600, IF(E28=F28,1,(E28-F28)/E28*100), 0))) -> 0
A29: 30 | B29: 4 | C29: 70 | D29: 1.15 | E29: 0 | F29: 0 | G29: 0.079 | H29: 0 | I29: 0 | J29: 1 | L29: =IF(ISBLANK(E29),IF(ISBLANK(F29),"",100), IF(E29+F29=0, 0, IF(G29=3600, IF(E29=F29,1,(E29-F29)/E29*100), 0))) -> 0
A30: 30 | B30: 4 | C30: 80 | D30: 1.15 | E30: 0 | F30: 0 | G30: 0.062 | H30: 0 | I30: 0 | J30: 1 | L30: =IF(ISBLANK(E30),IF(ISBLANK(F30),"",100), IF(E30+F30=0, 0, IF(G30=3600, IF(E30=F30,1,(E30-F30)/E30*100), 0))) -> 0
A31: 30 | B31: 4 | C31: 90 | D31: 1.15 | E31: 0 | F31: 0 | G31: 0.078 | H31: 0 | I31: 0 | J31: 1 | L31: =IF(ISBLANK(E31),IF(ISBLANK(F31),"",100), IF(E31+F31=0, 0, IF(G31=3600, IF(E31=F31,1,(E31-F31)/E31*100), 0))) -> 0
A32: 30 | B32: 4 | C32: 100 | D32: 1.15 | E32: 0 | F32: 0 | G32: 0.076 | H32: 0 | I32: 0 | J32: 1 | K32: =AVERAGE(G23:G32) -> 0.0745 | L32: =IF(ISBLANK(E32),IF(ISBLANK(F32),"",100), IF(E32+F32=0, 0, IF(G32=3600, IF(E32=F32,1,(E32-F32)/E32*100), 0))) -> 0
A33: 30 | B33: 5 | C33: 10 | D33: 1.15 | E33: 0 | F33: 0 | G33: 0.062 | H33: 0 | I33: 0 | J33: 1 | L33: =IF(ISBLANK(E33),IF(ISBLANK(F33),"",100), IF(E33+F33=0, 0, IF(G33=3600, IF(E33=F33,1,(E33-F33)/E33*100), 0))) -> 0
A34: 30 | B34: 5 | C34: 20 | D34: 1.15 | E34: 0 | F34: 0 | G34: 0.059 | H34: 0 | I34: 0 | J34: 1 | L34: =IF(ISBLANK(E34),IF(ISBLANK(F34),"",100), IF(E34+F34=0, 0, IF(G34=3600, IF(E34=F34,1,(E34-F34)/E34*100), 0))) -> 0
A35: 30 | B35: 5 | C35: 30 | D35: 1.15 | E35: 0 | F35: 0 | G35: 0.062 | H35: 0 | I35: 0 | J35: 1 | L35: =IF(ISBLANK(E35),IF(ISBLANK(F35),"",100), IF(E35+F35=0, 0, IF(G35=3600, IF(E35=F35,1,(E35-F35)/E35*100), 0))) -> 0
A36: 30 | B36: 5 | C36: 40 | D36: 1.15 | E36: 0 | F36: 0 | G36: 0.06 | H36: 0 | I36: 0 | J36: 1 | L36: =IF(ISBLANK(E36),IF(ISBLANK(F36),"",100), IF(E36+F36=0, 0, IF(G36=3600, IF(E36=F36,1,(E36-F36)/E36*100), 0))) -> 0
A37: 30 | B37: 5 | C37: 50 | D37: 1.15 | E37: 0 | F37: 0 | G37: 0.062 | H37: 0 | I37: 0 | J37: 1 | L37: =IF(ISBLANK(E37),IF(ISBLANK(F37),"",100), IF(E37+F37=0, 0, IF(G37=3600, IF(E37=F37,1,(E37-F37)/E37*100), 0))) -> 0
A38: 30 | B38: 5 | C38: 60 | D38: 1.15 | E38: 0 | F38: 0 | G38: 0.061 | H38: 1 | I38: 1 | J38: 1 | L38: =IF(ISBLANK(E38),IF(ISBLANK(F38),"",100), IF(E38+F38=0, 0, IF(G38=3600, IF(E38=F38,1,(E38-F38)/E38*100), 0))) -> 0
A39: 30 | B39: 5 | C39: 70 | D39: 1.15 | E39: 0 | F39: 0 | G39: 0.061 | H39: 0 | I39: 0 | J39: 1 | L39: =IF(ISBLANK(E39),IF(ISBLANK(F39),"",100), IF(E39+F39=0, 0, IF(G39=3600, IF(E39=F39,1,(E39-F39)/E39*100), 0))) -> 0
A40: 30 | B40: 5 | C40: 80 | D40: 1.15 | E40: 0 | F40: 0 | G40: 0.061 | H40: 0 | I40: 0 | J40: 1 | L40: =IF(ISBLANK(E40),IF(ISBLANK(F40),"",100), IF(E40+F40=0, 0, IF(G40=3600, IF(E40=F40,1,(E40-F40)/E40*100), 0))) -> 0
A41: 30 | B41: 5 | C41: 90 | D41: 1.15 | E41: 0 | F41: 0 | G41: 0.061 | H41: 0 | I41: 0 | J41: 1 | L41: =IF(ISBLANK(E41),IF(ISBLANK(F41),"",100), IF(E41+F41=0, 0, IF(G41=3600, IF(E41=F41,1,(E41-F41)/E41*100), 0))) -> 0
A42: 30 | B42: 5 | C42: 100 | D42: 1.15 | E42: 0 | F42: 0 | G42: 0.062 | H42: 1 | I42: 1 | J42: 1 | K42: =AVERAGE(G33:G42) -> 0.0611 | L42: =IF(ISBLANK(E42),IF(ISBLANK(F42),"",100), IF(E42+F42=0, 0, IF(G42=3600, IF(E42=F42,1,(E42-F42)/E42*100), 0))) -> 0
A43: 40 | B43: 2 | C43: 10 | D43: 1.15 | E43: 4 | F43: 4 | G43: 0.622 | H43: 0 | I43: 0 | J43: 1 | L43: =IF(ISBLANK(E43),IF(ISBLANK(F43),"",100), IF(E43+F43=0, 0, IF(G43=3600, IF(E43=F43,1,(E43-F43)/E43*100), 0))) -> 0
A44: 40 | B44: 2 | C44: 20 | D44: 1.15 | E44: 4 | F44: 4 | G44: 0.613 | H44: 0 | I44: 0 | J44: 1 | L44: =IF(ISBLANK(E44),IF(ISBLANK(F44),"",100), IF(E44+F44=0, 0, IF(G44=3600, IF(E44=F44,1,(E44-F44)/E44*100), 0))) -> 0
A45: 40 | B45: 2 | C45: 30 | D45: 1.15 | E45: 4 | F45: 4 | G45: 0.644 | H45: 0 | I45: 0 | J45: 1 | L45: =IF(ISBLANK(E45),IF(ISBLANK(F45),"",100), IF(E45+F45=0, 0, IF(G45=3600, IF(E45=F45,1,(E45-F45)/E45*100), 0))) -> 0
A46: 40 | B46: 2 | C46: 40 | D46: 1.15 | E46: 4 | F46: 4 | G46: 0.599 | H46: 0 | I46: 0 | J46: 1 | L46: =IF(ISBLANK(E46),IF(ISBLANK(F46),"",100), IF(E46+F46=0, 0, IF(G46=3600, IF(E46=F46,1,(E46-F46)/E46*100), 0))) -> 0
A47: 40 | B47: 2 | C47: 50 | D47: 1.15 | E47: 4 | F47: 4 | G47: 0.52 | H47: 0 | I47: 0 | J47: 1 | L47: =IF(ISBLANK(E47),IF(ISBLANK(F47),"",100), IF(E47+F47=0, 0, IF(G47=3600, IF(E47=F47,1,(E47-F47)/E47*100), 0))) -> 0
A48: 40 | B48: 2 | C48: 60 | D48: 1.15 | E48: 4 | F48: 4 | G48: 0.598 | H48: 0 | I48: 0 | J48: 1 | L48: =IF(ISBLANK(E48),IF(ISBLANK(F48),"",100), IF(E48+F48=0, 0, IF(G48=3600, IF(E48=F48,1,(E48-F48)/E48*100), 0))) -> 0
A49: 40 | B49: 2 | C49: 70 | D49: 1.15 | E49: 4 | F49: 4 | G49: 0.614 | H49: 0 | I49: 0 | J49: 1 | L49: =IF(ISBLANK(E49),IF(ISBLANK(F49),"",100), IF(E49+F49=0, 0, IF(G49=3600, IF(E49=F49,1,(E49-F49)/E49*100), 0))) -> 0
A50: 40 | B50: 2 | C50: 80 | D50: 1.15 | E50: 4 | F50: 4 | G50: 0.65 | H50: 0 | I50: 0 | J50: 1 | L50: =IF(ISBLANK(E50),IF(ISBLANK(F50),"",100), IF(E50+F50=0, 0, IF(G50=3600, IF(E50=F50,1,(E50-F50)/E50*100), 0))) -> 0
A51: 40 | B51: 2 | C51: 90 | D51: 1.15 | E51: 4 | F51: 4 | G51: 0.551 | H51: 0 | I51: 0 | J51: 1 | L51: =IF(ISBLANK(E51),IF(ISBLANK(F51),"",100), IF(E51+F51=0, 0, IF(G51=3600, IF(E51=F51,1,(E51-F51)/E51*100), 0))) -> 0
A52: 40 | B52: 2 | C52: 100 | D52: 1.15 | E52: 4 | F52: 4 | G52: 0.562 | H52: 0 | I52: 0 | J52: 1 | K52: =AVERAGE(G43:G52) -> 0.5973 | L52: =IF(ISBLANK(E52),IF(ISBLANK(F52),"",100), IF(E52+F52=0, 0, IF(G52=3600, IF(E52=F52,1,(E52-F52)/E52*100), 0))) -> 0
A53: 40 | B53: 3 | C53: 10 | D53: 1.15 | E53: 3 | F53: 3 | G53: 0.483 | H53: 0 | I53: 0 | J53: 1 | L53: =IF(ISBLANK(E53),IF(ISBLANK(F53),"",100), IF(E53+F53=0, 0, IF(G53=3600, IF(E53=F53,1,(E53-F53)/E53*100), 0))) -> 0
A54: 40 | B54: 3 | C54: 20 | D54: 1.15 | E54: 3 | F54: 3 | G54: 0.54 | H54: 0 | I54: 0 | J54: 1 | L54: =IF(ISBLANK(E54),IF(ISBLANK(F54),"",100), IF(E54+F54=0, 0, IF(G54=3600, IF(E54=F54,1,(E54-F54)/E54*100), 0))) -> 0
A55: 40 | B55: 3 | C55: 30 | D55: 1.15 | E55: 3 | F55: 3 | G55: 0.542 | H55: 0 | I55: 0 | J55: 1 | L55: =IF(ISBLANK(E55),IF(ISBLANK(F55),"",100), IF(E55+F55=0, 0, IF(G55=3600, IF(E55=F55,1,(E55-F55)/E55*100), 0))) -> 0
A56: 40 | B56: 3 | C56: 40 | D56: 1.15 | E56: 3 | F56: 3 | G56: 0.57 | H56: 0 | I56: 0 | J56: 1 | L56: =IF(ISBLANK(E56),IF(ISBLANK(F56),"",100), IF(E56+F56=0, 0, IF(G56=3600, IF(E56=F56,1,(E56-F56)/E56*100), 0))) -> 0
A57: 40 | B57: 3 | C57: 50 | D57: 1.15 | E57: 3 | F57: 3 | G57: 0.386 | H57: 0 | I57: 0 | J57: 1 | L57: =IF(ISBLANK(E57),IF(ISBLANK(F57),"",100), IF(E57+F57=0, 0, IF(G57=3600, IF(E57=F57,1,(E57-F57)/E57*100), 0))) -> 0
A58: 40 | B58: 3 | C58: 60 | D58: 1.15 | E58: 3 | F58: 3 | G58: 0.5 | H58: 0 | I58: 0 | J58: 1 | L58: =IF(ISBLANK(E58),IF(ISBLANK(F58),"",100), IF(E58+F58=0, 0, IF(G58=3600, IF(E58=F58,1,(E58-F58)/E58*100), 0))) -> 0
A59: 40 | B59: 3 | C59: 70 | D59: 1.15 | E59: 3 | F59: 3 | G59: 0.606 | H59: 0 | I59: 0 | J59: 1 | L59: =IF(ISBLANK(E59),IF(ISBLANK(F59),"",100), IF(E59+F59=0, 0, IF(G59=3600, IF(E59=F59,1,(E59-F59)/E59*100), 0))) -> 0
A60: 40 | B60: 3 | C60: 80 | D60: 1.15 | E60: 3 | F60: 3 | G60: 0.629 | H60: 0 | I60: 0 | J60: 1 | L60: =IF(ISBLANK(E60),IF(ISBLANK(F60),"",100), IF(E60+F60=0, 0, IF(G60=3600, IF(E60=F60,1,(E60-F60)/E60*100), 0))) -> 0
A61: 40 | B61: 3 | C61: 90 | D61: 1.15 | E61: 3 | F61: 3 | G61: 0.479 | H61: 0 | I61: 0 | J61: 1 | L61: =IF(ISBLANK(E61),IF(ISBLANK(F61),"",100), IF(E61+F61=0, 0, IF(G61=3600, IF(E61=F61,1,(E61-F61)/E61*100), 0))) -> 0
A62: 40 | B62: 3 | C62: 100 | D62: 1.15 | E62: 3 | F62: 3 | G62: 0.512 | H62: 0 | I62: 0 | J62: 1 | K62: =AVERAGE(G53:G62) -> 0.5247 | L62: =IF(ISBLANK(E62),IF(ISBLANK(F62),"",100), IF(E62+F62=0, 0, IF(G62=3600, IF(E62=F62,1,(E62-F62)/E62*100), 0))) -> 0
A63: 40 | B63: 4 | C63: 10 | D63: 1.15 | E63: 2 | F63: 2 | G63: 0.485 | H63: 0 | I63: 0 | J63: 1 | L63: =IF(ISBLANK(E63),IF(ISBLANK(F63),"",100), IF(E63+F63=0, 0, IF(G63=3600, IF(E63=F63,1,(E63-F63)/E63*100), 0))) -> 0
A64: 40 | B64: 4 | C64: 20 | D64: 1.15 | E64: 2 | F64: 2 | G64: 0.407 | H64: 0 | I64: 0 | J64: 1 | L64: =IF(ISBLANK(E64),IF(ISBLANK(F64),"",100), IF(E64+F64=0, 0, IF(G64=3600, IF(E64=F64,1,(E64-F64)/E64*100), 0))) -> 0
A65: 40 | B65: 4 | C65: 30 | D65: 1.15 | E65: 2 | F65: 2 | G65: 0.479 | H65: 0 | I65: 0 | J65: 1 | L65: =IF(ISBLANK(E65),IF(ISBLANK(F65),"",100), IF(E65+F65=0, 0, IF(G65=3600, IF(E65=F65,1,(E65-F65)/E65*100), 0))) -> 0
A66: 40 | B66: 4 | C66: 40 | D66: 1.15 | E66: 2 | F66: 2 | G66: 0.485 | H66: 0 | I66: 0 | J66: 1 | L66: =IF(ISBLANK(E66),IF(ISBLANK(F66),"",100), IF(E66+F66=0, 0, IF(G66=3600, IF(E66=F66,1,(E66-F66)/E66*100), 0))) -> 0
A67: 40 | B67: 4 | C67: 50 | D67: 1.15 | E67: 2 | F67: 2 | G67: 0.468 | H67: 0 | I67: 0 | J67: 1 | L67: =IF(ISBLANK(E67),IF(ISBLANK(F67),"",100), IF(E67+F67=0, 0, IF(G67=3600, IF(E67=F67,1,(E67-F67)/E67*100), 0))) -> 0
A68: 40 | B68: 4 | C68: 60 | D68: 1.15 | E68: 2 | F68: 2 | G68: 0.455 | H68: 0 | I68: 0 | J68: 1 | L68: =IF(ISBLANK(E68),IF(ISBLANK(F68),"",100), IF(E68+F68=0, 0, IF(G68=3600, IF(E68=F68,1,(E68-F68)/E68*100), 0))) -> 0
A69: 40 | B69: 4 | C69: 70 | D69: 1.15 | E69: 2 | F69: 2 | G69: 0.465 | H69: 0 | I69: 0 | J69: 1 | L69: =IF(ISBLANK(E69),IF(ISBLANK(F69),"",100), IF(E69+F69=0, 0, IF(G69=3600, IF(E69=F69,1,(E69-F69)/E69*100), 0))) -> 0
A70: 40 | B70: 4 | C70: 80 | D70: 1.15 | E70: 2 | F70: 2 | G70: 0.485 | H70: 0 | I70: 0 | J70: 1 | L70: =IF(ISBLANK(E70),IF(ISBLANK(F70),"",100), IF(E70+F70=0, 0, IF(G70=3600, IF(E70=F70,1,(E70-F70)/E70*100), 0))) -> 0
A71: 40 | B71: 4 | C71: 90 | D71: 1.15 | E71: 2 | F71: 2 | G71: 0.485 | H71: 0 | I71: 0 | J71: 1 | L71: =IF(ISBLANK(E71),IF(ISBLANK(F71),"",100), IF(E71+F71=0, 0, IF(G71=3600, IF(E71=F71,1,(E71-F71)/E71*100), 0))) -> 0
A72: 40 | B72: 4 | C72: 100 | D72: 1.15 | E72: 2 | F72: 2 | G72: 0.424 | H72: 0 | I72: 0 | J72: 1 | K72: =AVERAGE(G63:G72) -> 0.4638 | L72: =IF(ISBLANK(E72),IF(ISBLANK(F72),"",100), IF(E72+F72=0, 0, IF(G72=3600, IF(E72=F72,1,(E72-F72)/E72*100), 0))) -> 0
A73: 40 | B73: 5 | C73: 10 | D73: 1.15 | E73: 1 | F73: 1 | G73: 0.344 | H73: 0 | I73: 0 | J73: 1 | L73: =IF(ISBLANK(E73),IF(ISBLANK(F73),"",100), IF(E73+F73=0, 0, IF(G73=3600, IF(E73=F73,1,(E73-F73)/E73*100), 0))) -> 0
A74: 40 | B74: 5 | C74: 20 | D74: 1.15 | E74: 1 | F74: 1 | G74: 0.339 | H74: 0 | I74: 0 | J74: 1 | L74: =IF(ISBLANK(E74),IF(ISBLANK(F74),"",100), IF(E74+F74=0, 0, IF(G74=3600, IF(E74=F74,1,(E74-F74)/E74*100), 0))) -> 0
A75: 40 | B75: 5 | C75: 30 | D75: 1.15 | E75: 1 | F75: 1 | G75: 0.388 | H75: 0 | I75: 0 | J75: 1 | L75: =IF(ISBLANK(E75),IF(ISBLANK(F75),"",100), IF(E75+F75=0, 0, IF(G75=3600, IF(E75=F75,1,(E75-F75)/E75*100), 0))) -> 0
A76: 40 | B76: 5 | C76: 40 | D76: 1.15 | E76: 1 | F76: 1 | G76: 0.3 | H76: 0 | I76: 0 | J76: 1 | L76: =IF(ISBLANK(E76),IF(ISBLANK(F76),"",100), IF(E76+F76=0, 0, IF(G76=3600, IF(E76=F76,1,(E76-F76)/E76*100), 0))) -> 0
A77: 40 | B77: 5 | C77: 50 | D77: 1.15 | E77: 1 | F77: 1 | G77: 0.233 | H77: 0 | I77: 0 | J77: 1 | L77: =IF(ISBLANK(E77),IF(ISBLANK(F77),"",100), IF(E77+F77=0, 0, IF(G77=3600, IF(E77=F77,1,(E77-F77)/E77*100), 0))) -> 0
A78: 40 | B78: 5 | C78: 60 | D78: 1.15 | E78: 1 | F78: 1 | G78: 0.357 | H78: 0 | I78: 0 | J78: 1 | L78: =IF(ISBLANK(E78),IF(ISBLANK(F78),"",100), IF(E78+F78=0, 0, IF(G78=3600, IF(E78=F78,1,(E78-F78)/E78*100), 0))) -> 0
A79: 40 | B79: 5 | C79: 70 | D79: 1.15 | E79: 1 | F79: 1 | G79: 0.414 | H79: 0 | I79: 0 | J79: 1 | L79: =IF(ISBLANK(E79),IF(ISBLANK(F79),"",100), IF(E79+F79=0, 0, IF(G79=3600, IF(E79=F79,1,(E79-F79)/E79*100), 0))) -> 0
A80: 40 | B80: 5 | C80: 80 | D80: 1.15 | E80: 1 | F80: 1 | G80: 0.406 | H80: 0 | I80: 0 | J80: 1 | L80: =IF(ISBLANK(E80),IF(ISBLANK(F80),"",100), IF(E80+F80=0, 0, IF(G80=3600, IF(E80=F80,1,(E80-F80)/E80*100), 0))) -> 0
A81: 40 | B81: 5 | C81: 90 | D81: 1.15 | E81: 1 | F81: 1 | G81: 0.3 | H81: 0 | I81: 0 | J81: 1 | L81: =IF(ISBLANK(E81),IF(ISBLANK(F81),"",100), IF(E81+F81=0, 0, IF(G81=3600, IF(E81=F81,1,(E81-F81)/E81*100), 0))) -> 0
A82: 40 | B82: 5 | C82: 100 | D82: 1.15 | E82: 1 | F82: 1 | G82: 0.328 | H82: 0 | I82: 0 | J82: 1 | K82: =AVERAGE(G73:G82) -> 0.3409 | L82: =IF(ISBLANK(E82),IF(ISBLANK(F82),"",100), IF(E82+F82=0, 0, IF(G82=3600, IF(E82=F82,1,(E82-F82)/E82*100), 0))) -> 0
A83: 50 | B83: 2 | C83: 10 | D83: 1.15 | E83: 5 | F83: 5 | G83: 1.478 | H83: 0 | I83: 0 | J83: 1 | L83: =IF(ISBLANK(E83),IF(ISBLANK(F83),"",100), IF(E83+F83=0, 0, IF(G83=3600, IF(E83=F83,1,(E83-F83)/E83*100), 0))) -> 0
A84: 50 | B84: 2 | C84: 20 | D84: 1.15 | E84: 5 | F84: 5 | G84: 1.444 | H84: 0 | I84: 0 | J84: 1 | L84: =IF(ISBLANK(E84),IF(ISBLANK(F84),"",100), IF(E84+F84=0, 0, IF(G84=3600, IF(E84=F84,1,(E84-F84)/E84*100), 0))) -> 0
A85: 50 | B85: 2 | C85: 30 | D85: 1.15 | E85: 5 | F85: 5 | G85: 1.692 | H85: 0 | I85: 0 | J85: 1 | L85: =IF(ISBLANK(E85),IF(ISBLANK(F85),"",100), IF(E85+F85=0, 0, IF(G85=3600, IF(E85=F85,1,(E85-F85)/E85*100), 0))) -> 0
A86: 50 | B86: 2 | C86: 40 | D86: 1.15 | E86: 5 | F86: 5 | G86: 1.493 | H86: 0 | I86: 0 | J86: 1 | L86: =IF(ISBLANK(E86),IF(ISBLANK(F86),"",100), IF(E86+F86=0, 0, IF(G86=3600, IF(E86=F86,1,(E86-F86)/E86*100), 0))) -> 0
A87: 50 | B87: 2 | C87: 50 | D87: 1.15 | E87: 5 | F87: 5 | G87: 1.542 | H87: 0 | I87: 0 | J87: 1 | L87: =IF(ISBLANK(E87),IF(ISBLANK(F87),"",100), IF(E87+F87=0, 0, IF(G87=3600, IF(E87=F87,1,(E87-F87)/E87*100), 0))) -> 0
A88: 50 | B88: 2 | C88: 60 | D88: 1.15 | E88: 5 | F88: 5 | G88: 1.637 | H88: 0 | I88: 0 | J88: 1 | L88: =IF(ISBLANK(E88),IF(ISBLANK(F88),"",100), IF(E88+F88=0, 0, IF(G88=3600, IF(E88=F88,1,(E88-F88)/E88*100), 0))) -> 0
A89: 50 | B89: 2 | C89: 70 | D89: 1.15 | E89: 5 | F89: 5 | G89: 1.692 | H89: 0 | I89: 0 | J89: 1 | L89: =IF(ISBLANK(E89),IF(ISBLANK(F89),"",100), IF(E89+F89=0, 0, IF(G89=3600, IF(E89=F89,1,(E89-F89)/E89*100), 0))) -> 0
A90: 50 | B90: 2 | C90: 80 | D90: 1.15 | E90: 5 | F90: 5 | G90: 1.62 | H90: 0 | I90: 0 | J90: 1 | L90: =IF(ISBLANK(E90),IF(ISBLANK(F90),"",100), IF(E90+F90=0, 0, IF(G90=3600, IF(E90=F90,1,(E90-F90)/E90*100), 0))) -> 0
A91: 50 | B91: 2 | C91: 90 | D91: 1.15 | E91: 5 | F91: 5 | G91: 1.467 | H91: 0 | I91: 0 | J91: 1 | L91: =IF(ISBLANK(E91),IF(ISBLANK(F91),"",100), IF(E91+F91=0, 0, IF(G91=3600, IF(E91=F91,1,(E91-F91)/E91*100), 0))) -> 0
A92: 50 | B92: 2 | C92: 100 | D92: 1.15 | E92: 5 | F92: 5 | G92: 1.549 | H92: 0 | I92: 0 | J92: 1 | K92: =AVERAGE(G83:G92) -> 1.5614 | L92: =IF(ISBLANK(E92),IF(ISBLANK(F92),"",100), IF(E92+F92=0, 0, IF(G92=3600, IF(E92=F92,1,(E92-F92)/E92*100), 0))) -> 0
A93: 50 | B93: 3 | C93: 10 | D93: 1.15 | E93: 4 | F93: 4 | G93: 1.386 | H93: 0 | I93: 0 | J93: 1 | L93: =IF(ISBLANK(E93),IF(ISBLANK(F93),"",100), IF(E93+F93=0, 0, IF(G93=3600, IF(E93=F93,1,(E93-F93)/E93*100), 0))) -> 0
A94: 50 | B94: 3 | C94: 20 | D94: 1.15 | E94: 4 | F94: 4 | G94: 1.354 | H94: 0 | I94: 0 | J94: 1 | L94: =IF(ISBLANK(E94),IF(ISBLANK(F94),"",100), IF(E94+F94=0, 0, IF(G94=3600, IF(E94=F94,1,(E94-F94)/E94*100), 0))) -> 0
A95: 50 | B95: 3 | C95: 30 | D95: 1.15 | E95: 4 | F95: 4 | G95: 1.485 | H95: 0 | I95: 0 | J95: 1 | L95: =IF(ISBLANK(E95),IF(ISBLANK(F95),"",100), IF(E95+F95=0, 0, IF(G95=3600, IF(E95=F95,1,(E95-F95)/E95*100), 0))) -> 0
A96: 50 | B96: 3 | C96: 40 | D96: 1.15 | E96: 4 | F96: 4 | G96: 1.411 | H96: 0 | I96: 0 | J96: 1 | L96: =IF(ISBLANK(E96),IF(ISBLANK(F96),"",100), IF(E96+F96=0, 0, IF(G96=3600, IF(E96=F96,1,(E96-F96)/E96*100), 0))) -> 0
A97: 50 | B97: 3 | C97: 50 | D97: 1.15 | E97: 4 | F97: 4 | G97: 1.418 | H97: 0 | I97: 0 | J97: 1 | L97: =IF(ISBLANK(E97),IF(ISBLANK(F97),"",100), IF(E97+F97=0, 0, IF(G97=3600, IF(E97=F97,1,(E97-F97)/E97*100), 0))) -> 0
A98: 50 | B98: 3 | C98: 60 | D98: 1.15 | E98: 4 | F98: 4 | G98: 1.489 | H98: 0 | I98: 0 | J98: 1 | L98: =IF(ISBLANK(E98),IF(ISBLANK(F98),"",100), IF(E98+F98=0, 0, IF(G98=3600, IF(E98=F98,1,(E98-F98)/E98*100), 0))) -> 0
A99: 50 | B99: 3 | C99: 70 | D99: 1.15 | E99: 4 | F99: 4 | G99: 1.59 | H99: 0 | I99: 0 | J99: 1 | L99: =IF(ISBLANK(E99),IF(ISBLANK(F99),"",100), IF(E99+F99=0, 0, IF(G99=3600, IF(E99=F99,1,(E99-F99)/E99*100), 0))) -> 0
A100: 50 | B100: 3 | C100: 80 | D100: 1.15 | E100: 4 | F100: 4 | G100: 1.462 | H100: 0 | I100: 0 | J100: 1 | L100: =IF(ISBLANK(E100),IF(ISBLANK(F100),"",100), IF(E100+F100=0, 0, IF(G100=3600, IF(E100=F100,1,(E100-F100)/E100*100), 0))) -> 0
...

Sheet high_high
D1: Ours
A2: Job num | B2: Machine num | C2: Seed | D2: Lambda | E2: objective value | F2: lower bound | G2: total time | H2: initial ban num | I2: total ban num | J2: total iter num | K2: AVG | L2: BC GAP
A3: 30 | B3: 2 | C3: 10 | D3: 1.15 | E3: 2 | F3: 2 | G3: 0.084 | H3: 0 | I3: 0 | J3: 1 | L3: =IF(ISBLANK(E3),IF(ISBLANK(F3),"",100), IF(E3+F3=0, 0, IF(G3=3600, IF(E3=F3,1,(E3-F3)/E3*100), 0))) -> 0
A4: 30 | B4: 2 | C4: 20 | D4: 1.15 | E4: 2 | F4: 2 | G4: 0.069 | H4: 0 | I4: 0 | J4: 1 | L4: =IF(ISBLANK(E4),IF(ISBLANK(F4),"",100), IF(E4+F4=0, 0, IF(G4=3600, IF(E4=F4,1,(E4-F4)/E4*100), 0))) -> 0
A5: 30 | B5: 2 | C5: 30 | D5: 1.15 | E5: 2 | F5: 2 | G5: 0.072 | H5: 0 | I5: 0 | J5: 1 | L5: =IF(ISBLANK(E5),IF(ISBLANK(F5),"",100), IF(E5+F5=0, 0, IF(G5=3600, IF(E5=F5,1,(E5-F5)/E5*100), 0))) -> 0
A6: 30 | B6: 2 | C6: 40 | D6: 1.15 | E6: 2 | F6: 2 | G6: 0.073 | H6: 0 | I6: 0 | J6: 1 | L6: =IF(ISBLANK(E6),IF(ISBLANK(F6),"",100), IF(E6+F6=0, 0, IF(G6=3600, IF(E6=F6,1,(E6-F6)/E6*100), 0))) -> 0
A7: 30 | B7: 2 | C7: 50 | D7: 1.15 | E7: 2 | F7: 2 | G7: 0.063 | H7: 0 | I7: 0 | J7: 1 | L7: =IF(ISBLANK(E7),IF(ISBLANK(F7),"",100), IF(E7+F7=0, 0, IF(G7=3600, IF(E7=F7,1,(E7-F7)/E7*100), 0))) -> 0
A8: 30 | B8: 2 | C8: 60 | D8: 1.15 | E8: 2 | F8: 2 | G8: 0.057 | H8: 0 | I8: 0 | J8: 1 | L8: =IF(ISBLANK(E8),IF(ISBLANK(F8),"",100), IF(E8+F8=0, 0, IF(G8=3600, IF(E8=F8,1,(E8-F8)/E8*100), 0))) -> 0
A9: 30 | B9: 2 | C9: 70 | D9: 1.15 | E9: 2 | F9: 2 | G9: 0.072 | H9: 0 | I9: 0 | J9: 1 | L9: =IF(ISBLANK(E9),IF(ISBLANK(F9),"",100), IF(E9+F9=0, 0, IF(G9=3600, IF(E9=F9,1,(E9-F9)/E9*100), 0))) -> 0
A10: 30 | B10: 2 | C10: 80 | D10: 1.15 | E10: 2 | F10: 2 | G10: 0.072 | H10: 0 | I10: 0 | J10: 1 | L10: =IF(ISBLANK(E10),IF(ISBLANK(F10),"",100), IF(E10+F10=0, 0, IF(G10=3600, IF(E10=F10,1,(E10-F10)/E10*100), 0))) -> 0
A11: 30 | B11: 2 | C11: 90 | D11: 1.15 | E11: 2 | F11: 2 | G11: 0.085 | H11: 0 | I11: 0 | J11: 1 | L11: =IF(ISBLANK(E11),IF(ISBLANK(F11),"",100), IF(E11+F11=0, 0, IF(G11=3600, IF(E11=F11,1,(E11-F11)/E11*100), 0))) -> 0
A12: 30 | B12: 2 | C12: 100 | D12: 1.15 | E12: 2 | F12: 2 | G12: 0.074 | H12: 0 | I12: 0 | J12: 1 | K12: =AVERAGE(G3:G12) -> 0.0721 | L12: =IF(ISBLANK(E12),IF(ISBLANK(F12),"",100), IF(E12+F12=0, 0, IF(G12=3600, IF(E12=F12,1,(E12-F12)/E12*100), 0))) -> 0
A13: 30 | B13: 3 | C13: 10 | D13: 1.15 | E13: 1 | F13: 1 | G13: 0.074 | H13: 0 | I13: 0 | J13: 1 | L13: =IF(ISBLANK(E13),IF(ISBLANK(F13),"",100), IF(E13+F13=0, 0, IF(G13=3600, IF(E13=F13,1,(E13-F13)/E13*100), 0))) -> 0
A14: 30 | B14: 3 | C14: 20 | D14: 1.15 | E14: 1 | F14: 1 | G14: 0.072 | H14: 0 | I14: 0 | J14: 1 | L14: =IF(ISBLANK(E14),IF(ISBLANK(F14),"",100), IF(E14+F14=0, 0, IF(G14=3600, IF(E14=F14,1,(E14-F14)/E14*100), 0))) -> 0
A15: 30 | B15: 3 | C15: 30 | D15: 1.15 | E15: 1 | F15: 1 | G15: 0.073 | H15: 0 | I15: 0 | J15: 1 | L15: =IF(ISBLANK(E15),IF(ISBLANK(F15),"",100), IF(E15+F15=0, 0, IF(G15=3600, IF(E15=F15,1,(E15-F15)/E15*100), 0))) -> 0
A16: 30 | B16: 3 | C16: 40 | D16: 1.15 | E16: 1 | F16: 1 | G16: 0.096 | H16: 0 | I16: 0 | J16: 1 | L16: =IF(ISBLANK(E16),IF(ISBLANK(F16),"",100), IF(E16+F16=0, 0, IF(G16=3600, IF(E16=F16,1,(E16-F16)/E16*100), 0))) -> 0
A17: 30 | B17: 3 | C17: 50 | D17: 1.15 | E17: 1 | F17: 1 | G17: 0.075 | H17: 0 | I17: 0 | J17: 1 | L17: =IF(ISBLANK(E17),IF(ISBLANK(F17),"",100), IF(E17+F17=0, 0, IF(G17=3600, IF(E17=F17,1,(E17-F17)/E17*100), 0))) -> 0
A18: 30 | B18: 3 | C18: 60 | D18: 1.15 | E18: 2 | F18: 2 | G18: 0.119 | H18: 0 | I18: 0 | J18: 1 | L18: =IF(ISBLANK(E18),IF(ISBLANK(F18),"",100), IF(E18+F18=0, 0, IF(G18=3600, IF(E18=F18,1,(E18-F18)/E18*100), 0))) -> 0
A19: 30 | B19: 3 | C19: 70 | D19: 1.15 | E19: 1 | F19: 1 | G19: 0.067 | H19: 0 | I19: 0 | J19: 1 | L19: =IF(ISBLANK(E19),IF(ISBLANK(F19),"",100), IF(E19+F19=0, 0, IF(G19=3600, IF(E19=F19,1,(E19-F19)/E19*100), 0))) -> 0
A20: 30 | B20: 3 | C20: 80 | D20: 1.15 | E20: 1 | F20: 1 | G20: 0.092 | H20: 0 | I20: 0 | J20: 1 | L20: =IF(ISBLANK(E20),IF(ISBLANK(F20),"",100), IF(E20+F20=0, 0, IF(G20=3600, IF(E20=F20,1,(E20-F20)/E20*100), 0))) -> 0
A21: 30 | B21: 3 | C21: 90 | D21: 1.15 | E21: 1 | F21: 1 | G21: 0.075 | H21: 0 | I21: 0 | J21: 1 | L21: =IF(ISBLANK(E21),IF(ISBLANK(F21),"",100), IF(E21+F21=0, 0, IF(G21=3600, IF(E21=F21,1,(E21-F21)/E21*100), 0))) -> 0
A22: 30 | B22: 3 | C22: 100 | D22: 1.15 | E22: 1 | F22: 1 | G22: 0.077 | H22: 0 | I22: 0 | J22: 1 | K22: =AVERAGE(G13:G22) -> 0.082 | L22: =IF(ISBLANK(E22),IF(ISBLANK(F22),"",100), IF(E22+F22=0, 0, IF(G22=3600, IF(E22=F22,1,(E22-F22)/E22*100), 0))) -> 0
A23: 30 | B23: 4 | C23: 10 | D23: 1.15 | E23: 0 | F23: 0 | G23: 0.061 | H23: 0 | I23: 0 | J23: 1 | L23: =IF(ISBLANK(E23),IF(ISBLANK(F23),"",100), IF(E23+F23=0, 0, IF(G23=3600, IF(E23=F23,1,(E23-F23)/E23*100), 0))) -> 0
A24: 30 | B24: 4 | C24: 20 | D24: 1.15 | E24: 1 | F24: 1 | G24: 0.076 | H24: 1 | I24: 1 | J24: 1 | L24: =IF(ISBLANK(E24),IF(ISBLANK(F24),"",100), IF(E24+F24=0, 0, IF(G24=3600, IF(E24=F24,1,(E24-F24)/E24*100), 0))) -> 0
A25: 30 | B25: 4 | C25: 30 | D25: 1.15 | E25: 0 | F25: 0 | G25: 0.064 | H25: 0 | I25: 0 | J25: 1 | L25: =IF(ISBLANK(E25),IF(ISBLANK(F25),"",100), IF(E25+F25=0, 0, IF(G25=3600, IF(E25=F25,1,(E25-F25)/E25*100), 0))) -> 0
A26: 30 | B26: 4 | C26: 40 | D26: 1.15 | E26: 0 | F26: 0 | G26: 0.072 | H26: 0 | I26: 0 | J26: 1 | L26: =IF(ISBLANK(E26),IF(ISBLANK(F26),"",100), IF(E26+F26=0, 0, IF(G26=3600, IF(E26=F26,1,(E26-F26)/E26*100), 0))) -> 0
A27: 30 | B27: 4 | C27: 50 | D27: 1.15 | E27: 0 | F27: 0 | G27: 0.064 | H27: 0 | I27: 0 | J27: 1 | L27: =IF(ISBLANK(E27),IF(ISBLANK(F27),"",100), IF(E27+F27=0, 0, IF(G27=3600, IF(E27=F27,1,(E27-F27)/E27*100), 0))) -> 0
A28: 30 | B28: 4 | C28: 60 | D28: 1.15 | E28: 0 | F28: 0 | G28: 0.063 | H28: 0 | I28: 0 | J28: 1 | L28: =IF(ISBLANK(E28),IF(ISBLANK(F28),"",100), IF(E28+F28=0, 0, IF(G28=3600, IF(E28=F28,1,(E28-F28)/E28*100), 0))) -> 0
A29: 30 | B29: 4 | C29: 70 | D29: 1.15 | E29: 0 | F29: 0 | G29: 0.061 | H29: 0 | I29: 0 | J29: 1 | L29: =IF(ISBLANK(E29),IF(ISBLANK(F29),"",100), IF(E29+F29=0, 0, IF(G29=3600, IF(E29=F29,1,(E29-F29)/E29*100), 0))) -> 0
A30: 30 | B30: 4 | C30: 80 | D30: 1.15 | E30: 0 | F30: 0 | G30: 0.059 | H30: 0 | I30: 0 | J30: 1 | L30: =IF(ISBLANK(E30),IF(ISBLANK(F30),"",100), IF(E30+F30=0, 0, IF(G30=3600, IF(E30=F30,1,(E30-F30)/E30*100), 0))) -> 0
A31: 30 | B31: 4 | C31: 90 | D31: 1.15 | E31: 0 | F31: 0 | G31: 0.063 | H31: 0 | I31: 0 | J31: 1 | L31: =IF(ISBLANK(E31),IF(ISBLANK(F31),"",100), IF(E31+F31=0, 0, IF(G31=3600, IF(E31=F31,1,(E31-F31)/E31*100), 0))) -> 0
A32: 30 | B32: 4 | C32: 100 | D32: 1.15 | E32: 1 | F32: 1 | G32: 0.061 | H32: 1 | I32: 1 | J32: 1 | K32: =AVERAGE(G23:G32) -> 0.0644 | L32: =IF(ISBLANK(E32),IF(ISBLANK(F32),"",100), IF(E32+F32=0, 0, IF(G32=3600, IF(E32=F32,1,(E32-F32)/E32*100), 0))) -> 0
A33: 30 | B33: 5 | C33: 10 | D33: 1.15 | E33: 1 | F33: 1 | G33: 0.076 | H33: 2 | I33: 2 | J33: 1 | L33: =IF(ISBLANK(E33),IF(ISBLANK(F33),"",100), IF(E33+F33=0, 0, IF(G33=3600, IF(E33=F33,1,(E33-F33)/E33*100), 0))) -> 0
A34: 30 | B34: 5 | C34: 20 | D34: 1.15 | E34: 0 | F34: 0 | G34: 0.062 | H34: 1 | I34: 1 | J34: 1 | L34: =IF(ISBLANK(E34),IF(ISBLANK(F34),"",100), IF(E34+F34=0, 0, IF(G34=3600, IF(E34=F34,1,(E34-F34)/E34*100), 0))) -> 0
A35: 30 | B35: 5 | C35: 30 | D35: 1.15 | E35: 0 | F35: 0 | G35: 0.06 | H35: 0 | I35: 0 | J35: 1 | L35: =IF(ISBLANK(E35),IF(ISBLANK(F35),"",100), IF(E35+F35=0, 0, IF(G35=3600, IF(E35=F35,1,(E35-F35)/E35*100), 0))) -> 0
A36: 30 | B36: 5 | C36: 40 | D36: 1.15 | E36: 0 | F36: 0 | G36: 0.061 | H36: 1 | I36: 1 | J36: 1 | L36: =IF(ISBLANK(E36),IF(ISBLANK(F36),"",100), IF(E36+F36=0, 0, IF(G36=3600, IF(E36=F36,1,(E36-F36)/E36*100), 0))) -> 0
A37: 30 | B37: 5 | C37: 50 | D37: 1.15 | E37: 0 | F37: 0 | G37: 0.061 | H37: 1 | I37: 1 | J37: 1 | L37: =IF(ISBLANK(E37),IF(ISBLANK(F37),"",100), IF(E37+F37=0, 0, IF(G37=3600, IF(E37=F37,1,(E37-F37)/E37*100), 0))) -> 0
A38: 30 | B38: 5 | C38: 60 | D38: 1.15 | E38: 0 | F38: 0 | G38: 0.062 | H38: 1 | I38: 1 | J38: 1 | L38: =IF(ISBLANK(E38),IF(ISBLANK(F38),"",100), IF(E38+F38=0, 0, IF(G38=3600, IF(E38=F38,1,(E38-F38)/E38*100), 0))) -> 0
A39: 30 | B39: 5 | C39: 70 | D39: 1.15 | E39: 0 | F39: 0 | G39: 0.058 | H39: 1 | I39: 1 | J39: 1 | L39: =IF(ISBLANK(E39),IF(ISBLANK(F39),"",100), IF(E39+F39=0, 0, IF(G39=3600, IF(E39=F39,1,(E39-F39)/E39*100), 0))) -> 0
A40: 30 | B40: 5 | C40: 80 | D40: 1.15 | E40: 0 | F40: 0 | G40: 0.063 | H40: 0 | I40: 0 | J40: 1 | L40: =IF(ISBLANK(E40),IF(ISBLANK(F40),"",100), IF(E40+F40=0, 0, IF(G40=3600, IF(E40=F40,1,(E40-F40)/E40*100), 0))) -> 0
A41: 30 | B41: 5 | C41: 90 | D41: 1.15 | E41: 1 | F41: 1 | G41: 0.078 | H41: 2 | I41: 2 | J41: 1 | L41: =IF(ISBLANK(E41),IF(ISBLANK(F41),"",100), IF(E41+F41=0, 0, IF(G41=3600, IF(E41=F41,1,(E41-F41)/E41*100), 0))) -> 0
A42: 30 | B42: 5 | C42: 100 | D42: 1.15 | E42: 0 | F42: 0 | G42: 0.063 | H42: 1 | I42: 1 | J42: 1 | K42: =AVERAGE(G33:G42) -> 0.0644 | L42: =IF(ISBLANK(E42),IF(ISBLANK(F42),"",100), IF(E42+F42=0, 0, IF(G42=3600, IF(E42=F42,1,(E42-F42)/E42*100), 0))) -> 0
A43: 40 | B43: 2 | C43: 10 | D43: 1.15 | E43: 4 | F43: 4 | G43: 0.479 | H43: 0 | I43: 0 | J43: 1 | L43: =IF(ISBLANK(E43),IF(ISBLANK(F43),"",100), IF(E43+F43=0, 0, IF(G43=3600, IF(E43=F43,1,(E43-F43)/E43*100), 0))) -> 0
A44: 40 | B44: 2 | C44: 20 | D44: 1.15 | E44: 4 | F44: 4 | G44: 0.471 | H44: 0 | I44: 0 | J44: 1 | L44: =IF(ISBLANK(E44),IF(ISBLANK(F44),"",100), IF(E44+F44=0, 0, IF(G44=3600, IF(E44=F44,1,(E44-F44)/E44*100), 0))) -> 0
A45: 40 | B45: 2 | C45: 30 | D45: 1.15 | E45: 4 | F45: 4 | G45: 0.477 | H45: 0 | I45: 0 | J45: 1 | L45: =IF(ISBLANK(E45),IF(ISBLANK(F45),"",100), IF(E45+F45=0, 0, IF(G45=3600, IF(E45=F45,1,(E45-F45)/E45*100), 0))) -> 0
A46: 40 | B46: 2 | C46: 40 | D46: 1.15 | E46: 4 | F46: 4 | G46: 0.486 | H46: 0 | I46: 0 | J46: 1 | L46: =IF(ISBLANK(E46),IF(ISBLANK(F46),"",100), IF(E46+F46=0, 0, IF(G46=3600, IF(E46=F46,1,(E46-F46)/E46*100), 0))) -> 0
A47: 40 | B47: 2 | C47: 50 | D47: 1.15 | E47: 4 | F47: 4 | G47: 0.398 | H47: 0 | I47: 0 | J47: 1 | L47: =IF(ISBLANK(E47),IF(ISBLANK(F47),"",100), IF(E47+F47=0, 0, IF(G47=3600, IF(E47=F47,1,(E47-F47)/E47*100), 0))) -> 0
A48: 40 | B48: 2 | C48: 60 | D48: 1.15 | E48: 5 | F48: 5 | G48: 0.559 | H48: 0 | I48: 0 | J48: 1 | L48: =IF(ISBLANK(E48),IF(ISBLANK(F48),"",100), IF(E48+F48=0, 0, IF(G48=3600, IF(E48=F48,1,(E48-F48)/E48*100), 0))) -> 0
A49: 40 | B49: 2 | C49: 70 | D49: 1.15 | E49: 4 | F49: 4 | G49: 0.534 | H49: 0 | I49: 0 | J49: 1 | L49: =IF(ISBLANK(E49),IF(ISBLANK(F49),"",100), IF(E49+F49=0, 0, IF(G49=3600, IF(E49=F49,1,(E49-F49)/E49*100), 0))) -> 0
A50: 40 | B50: 2 | C50: 80 | D50: 1.15 | E50: 4 | F50: 4 | G50: 0.435 | H50: 0 | I50: 0 | J50: 1 | L50: =IF(ISBLANK(E50),IF(ISBLANK(F50),"",100), IF(E50+F50=0, 0, IF(G50=3600, IF(E50=F50,1,(E50-F50)/E50*100), 0))) -> 0
A51: 40 | B51: 2 | C51: 90 | D51: 1.15 | E51: 4 | F51: 4 | G51: 0.433 | H51: 0 | I51: 0 | J51: 1 | L51: =IF(ISBLANK(E51),IF(ISBLANK(F51),"",100), IF(E51+F51=0, 0, IF(G51=3600, IF(E51=F51,1,(E51-F51)/E51*100), 0))) -> 0
A52: 40 | B52: 2 | C52: 100 | D52: 1.15 | E52: 4 | F52: 4 | G52: 0.426 | H52: 0 | I52: 0 | J52: 1 | K52: =AVERAGE(G43:G52) -> 0.4698 | L52: =IF(ISBLANK(E52),IF(ISBLANK(F52),"",100), IF(E52+F52=0, 0, IF(G52=3600, IF(E52=F52,1,(E52-F52)/E52*100), 0))) -> 0
A53: 40 | B53: 3 | C53: 10 | D53: 1.15 | E53: 3 | F53: 3 | G53: 0.394 | H53: 0 | I53: 0 | J53: 1 | L53: =IF(ISBLANK(E53),IF(ISBLANK(F53),"",100), IF(E53+F53=0, 0, IF(G53=3600, IF(E53=F53,1,(E53-F53)/E53*100), 0))) -> 0
A54: 40 | B54: 3 | C54: 20 | D54: 1.15 | E54: 3 | F54: 3 | G54: 0.316 | H54: 0 | I54: 0 | J54: 1 | L54: =IF(ISBLANK(E54),IF(ISBLANK(F54),"",100), IF(E54+F54=0, 0, IF(G54=3600, IF(E54=F54,1,(E54-F54)/E54*100), 0))) -> 0
A55: 40 | B55: 3 | C55: 30 | D55: 1.15 | E55: 3 | F55: 3 | G55: 0.392 | H55: 0 | I55: 0 | J55: 1 | L55: =IF(ISBLANK(E55),IF(ISBLANK(F55),"",100), IF(E55+F55=0, 0, IF(G55=3600, IF(E55=F55,1,(E55-F55)/E55*100), 0))) -> 0
A56: 40 | B56: 3 | C56: 40 | D56: 1.15 | E56: 3 | F56: 3 | G56: 0.392 | H56: 0 | I56: 0 | J56: 1 | L56: =IF(ISBLANK(E56),IF(ISBLANK(F56),"",100), IF(E56+F56=0, 0, IF(G56=3600, IF(E56=F56,1,(E56-F56)/E56*100), 0))) -> 0
A57: 40 | B57: 3 | C57: 50 | D57: 1.15 | E57: 3 | F57: 3 | G57: 0.36 | H57: 0 | I57: 0 | J57: 1 | L57: =IF(ISBLANK(E57),IF(ISBLANK(F57),"",100), IF(E57+F57=0, 0, IF(G57=3600, IF(E57=F57,1,(E57-F57)/E57*100), 0))) -> 0
A58: 40 | B58: 3 | C58: 60 | D58: 1.15 | E58: 3 | F58: 3 | G58: 0.326 | H58: 0 | I58: 0 | J58: 1 | L58: =IF(ISBLANK(E58),IF(ISBLANK(F58),"",100), IF(E58+F58=0, 0, IF(G58=3600, IF(E58=F58,1,(E58-F58)/E58*100), 0))) -> 0
A59: 40 | B59: 3 | C59: 70 | D59: 1.15 | E59: 3 | F59: 3 | G59: 0.507 | H59: 0 | I59: 0 | J59: 1 | L59: =IF(ISBLANK(E59),IF(ISBLANK(F59),"",100), IF(E59+F59=0, 0, IF(G59=3600, IF(E59=F59,1,(E59-F59)/E59*100), 0))) -> 0
A60: 40 | B60: 3 | C60: 80 | D60: 1.15 | E60: 3 | F60: 3 | G60: 0.374 | H60: 0 | I60: 0 | J60: 1 | L60: =IF(ISBLANK(E60),IF(ISBLANK(F60),"",100), IF(E60+F60=0, 0, IF(G60=3600, IF(E60=F60,1,(E60-F60)/E60*100), 0))) -> 0
A61: 40 | B61: 3 | C61: 90 | D61: 1.15 | E61: 3 | F61: 3 | G61: 0.347 | H61: 0 | I61: 0 | J61: 1 | L61: =IF(ISBLANK(E61),IF(ISBLANK(F61),"",100), IF(E61+F61=0, 0, IF(G61=3600, IF(E61=F61,1,(E61-F61)/E61*100), 0))) -> 0
A62: 40 | B62: 3 | C62: 100 | D62: 1.15 | E62: 3 | F62: 3 | G62: 0.4 | H62: 0 | I62: 0 | J62: 1 | K62: =AVERAGE(G53:G62) -> 0.3808 | L62: =IF(ISBLANK(E62),IF(ISBLANK(F62),"",100), IF(E62+F62=0, 0, IF(G62=3600, IF(E62=F62,1,(E62-F62)/E62*100), 0))) -> 0
A63: 40 | B63: 4 | C63: 10 | D63: 1.15 | E63: 3 | F63: 3 | G63: 15.809 | H63: 0 | I63: 2 | J63: 2 | L63: =IF(ISBLANK(E63),IF(ISBLANK(F63),"",100), IF(E63+F63=0, 0, IF(G63=3600, IF(E63=F63,1,(E63-F63)/E63*100), 0))) -> 0
A64: 40 | B64: 4 | C64: 20 | D64: 1.15 | E64: 3 | F64: 3 | G64: 1.282 | H64: 0 | I64: 3 | J64: 5 | L64: =IF(ISBLANK(E64),IF(ISBLANK(F64),"",100), IF(E64+F64=0, 0, IF(G64=3600, IF(E64=F64,1,(E64-F64)/E64*100), 0))) -> 0
A65: 40 | B65: 4 | C65: 30 | D65: 1.15 | E65: 2 | F65: 2 | G65: 0.403 | H65: 0 | I65: 0 | J65: 1 | L65: =IF(ISBLANK(E65),IF(ISBLANK(F65),"",100), IF(E65+F65=0, 0, IF(G65=3600, IF(E65=F65,1,(E65-F65)/E65*100), 0))) -> 0
A66: 40 | B66: 4 | C66: 40 | D66: 1.15 | E66: 3 | F66: 3 | G66: 180.818 | H66: 0 | I66: 0 | J66: 2 | L66: =IF(ISBLANK(E66),IF(ISBLANK(F66),"",100), IF(E66+F66=0, 0, IF(G66=3600, IF(E66=F66,1,(E66-F66)/E66*100), 0))) -> 0
A67: 40 | B67: 4 | C67: 50 | D67: 1.15 | E67: 2 | F67: 2 | G67: 0.274 | H67: 0 | I67: 0 | J67: 1 | L67: =IF(ISBLANK(E67),IF(ISBLANK(F67),"",100), IF(E67+F67=0, 0, IF(G67=3600, IF(E67=F67,1,(E67-F67)/E67*100), 0))) -> 0
A68: 40 | B68: 4 | C68: 60 | D68: 1.15 | E68: 2 | F68: 2 | G68: 0.247 | H68: 0 | I68: 0 | J68: 1 | L68: =IF(ISBLANK(E68),IF(ISBLANK(F68),"",100), IF(E68+F68=0, 0, IF(G68=3600, IF(E68=F68,1,(E68-F68)/E68*100), 0))) -> 0
A69: 40 | B69: 4 | C69: 70 | D69: 1.15 | E69: 2 | F69: 2 | G69: 0.404 | H69: 0 | I69: 0 | J69: 1 | L69: =IF(ISBLANK(E69),IF(ISBLANK(F69),"",100), IF(E69+F69=0, 0, IF(G69=3600, IF(E69=F69,1,(E69-F69)/E69*100), 0))) -> 0
A70: 40 | B70: 4 | C70: 80 | D70: 1.15 | E70: 2 | F70: 2 | G70: 0.371 | H70: 0 | I70: 0 | J70: 1 | L70: =IF(ISBLANK(E70),IF(ISBLANK(F70),"",100), IF(E70+F70=0, 0, IF(G70=3600, IF(E70=F70,1,(E70-F70)/E70*100), 0))) -> 0
A71: 40 | B71: 4 | C71: 90 | D71: 1.15 | E71: 3 | F71: 3 | G71: 39.945 | H71: 0 | I71: 1 | J71: 2 | L71: =IF(ISBLANK(E71),IF(ISBLANK(F71),"",100), IF(E71+F71=0, 0, IF(G71=3600, IF(E71=F71,1,(E71-F71)/E71*100), 0))) -> 0
A72: 40 | B72: 4 | C72: 100 | D72: 1.15 | E72: 2 | F72: 2 | G72: 0.358 | H72: 0 | I72: 0 | J72: 1 | K72: =AVERAGE(G63:G72) -> 23.9911 | L72: =IF(ISBLANK(E72),IF(ISBLANK(F72),"",100), IF(E72+F72=0, 0, IF(G72=3600, IF(E72=F72,1,(E72-F72)/E72*100), 0))) -> 0
A73: 40 | B73: 5 | C73: 10 | D73: 1.15 | E73: 2 | F73: 2 | G73: 0.869 | H73: 0 | I73: 3 | J73: 3 | L73: =IF(ISBLANK(E73),IF(ISBLANK(F73),"",100), IF(E73+F73=0, 0, IF(G73=3600, IF(E73=F73,1,(E73-F73)/E73*100), 0))) -> 0
A74: 40 | B74: 5 | C74: 20 | D74: 1.15 | E74: 2 | F74: 2 | G74: 0.621 | H74: 0 | I74: 2 | J74: 3 | L74: =IF(ISBLANK(E74),IF(ISBLANK(F74),"",100), IF(E74+F74=0, 0, IF(G74=3600, IF(E74=F74,1,(E74-F74)/E74*100), 0))) -> 0
A75: 40 | B75: 5 | C75: 30 | D75: 1.15 | E75: 2 | F75: 2 | G75: 0.203 | H75: 0 | I75: 0 | J75: 1 | L75: =IF(ISBLANK(E75),IF(ISBLANK(F75),"",100), IF(E75+F75=0, 0, IF(G75=3600, IF(E75=F75,1,(E75-F75)/E75*100), 0))) -> 0
A76: 40 | B76: 5 | C76: 40 | D76: 1.15 | E76: 2 | F76: 2 | G76: 0.338 | H76: 0 | I76: 0 | J76: 2 | L76: =IF(ISBLANK(E76),IF(ISBLANK(F76),"",100), IF(E76+F76=0, 0, IF(G76=3600, IF(E76=F76,1,(E76-F76)/E76*100), 0))) -> 0
A77: 40 | B77: 5 | C77: 50 | D77: 1.15 | E77: 2 | F77: 2 | G77: 2.187 | H77: 0 | I77: 10 | J77: 7 | L77: =IF(ISBLANK(E77),IF(ISBLANK(F77),"",100), IF(E77+F77=0, 0, IF(G77=3600, IF(E77=F77,1,(E77-F77)/E77*100), 0))) -> 0
A78: 40 | B78: 5 | C78: 60 | D78: 1.15 | E78: 1 | F78: 1 | G78: 0.22 | H78: 0 | I78: 0 | J78: 1 | L78: =IF(ISBLANK(E78),IF(ISBLANK(F78),"",100), IF(E78+F78=0, 0, IF(G78=3600, IF(E78=F78,1,(E78-F78)/E78*100), 0))) -> 0
A79: 40 | B79: 5 | C79: 70 | D79: 1.15 | E79: 1 | F79: 1 | G79: 0.3 | H79: 0 | I79: 0 | J79: 1 | L79: =IF(ISBLANK(E79),IF(ISBLANK(F79),"",100), IF(E79+F79=0, 0, IF(G79=3600, IF(E79=F79,1,(E79-F79)/E79*100), 0))) -> 0
A80: 40 | B80: 5 | C80: 80 | D80: 1.15 | E80: 2 | F80: 2 | G80: 0.637 | H80: 0 | I80: 1 | J80: 2 | L80: =IF(ISBLANK(E80),IF(ISBLANK(F80),"",100), IF(E80+F80=0, 0, IF(G80=3600, IF(E80=F80,1,(E80-F80)/E80*100), 0))) -> 0
A81: 40 | B81: 5 | C81: 90 | D81: 1.15 | E81: 2 | F81: 2 | G81: 1.974 | H81: 0 | I81: 8 | J81: 8 | L81: =IF(ISBLANK(E81),IF(ISBLANK(F81),"",100), IF(E81+F81=0, 0, IF(G81=3600, IF(E81=F81,1,(E81-F81)/E81*100), 0))) -> 0
A82: 40 | B82: 5 | C82: 100 | D82: 1.15 | E82: 1 | F82: 1 | G82: 0.231 | H82: 0 | I82: 0 | J82: 1 | K82: =AVERAGE(G73:G82) -> 0.758 | L82: =IF(ISBLANK(E82),IF(ISBLANK(F82),"",100), IF(E82+F82=0, 0, IF(G82=3600, IF(E82=F82,1,(E82-F82)/E82*100), 0))) -> 0
A83: 50 | B83: 2 | C83: 10 | D83: 1.15 | E83: 6 | F83: 6 | G83: 3.171 | H83: 0 | I83: 0 | J83: 1 | L83: =IF(ISBLANK(E83),IF(ISBLANK(F83),"",100), IF(E83+F83=0, 0, IF(G83=3600, IF(E83=F83,1,(E83-F83)/E83*100), 0))) -> 0
A84: 50 | B84: 2 | C84: 20 | D84: 1.15 | E84: 5 | F84: 5 | G84: 1.083 | H84: 0 | I84: 0 | J84: 1 | L84: =IF(ISBLANK(E84),IF(ISBLANK(F84),"",100), IF(E84+F84=0, 0, IF(G84=3600, IF(E84=F84,1,(E84-F84)/E84*100), 0))) -> 0
A85: 50 | B85: 2 | C85: 30 | D85: 1.15 | E85: 5 | F85: 5 | G85: 1.465 | H85: 0 | I85: 0 | J85: 1 | L85: =IF(ISBLANK(E85),IF(ISBLANK(F85),"",100), IF(E85+F85=0, 0, IF(G85=3600, IF(E85=F85,1,(E85-F85)/E85*100), 0))) -> 0
A86: 50 | B86: 2 | C86: 40 | D86: 1.15 | E86: 5 | F86: 5 | G86: 1.305 | H86: 0 | I86: 0 | J86: 1 | L86: =IF(ISBLANK(E86),IF(ISBLANK(F86),"",100), IF(E86+F86=0, 0, IF(G86=3600, IF(E86=F86,1,(E86-F86)/E86*100), 0))) -> 0
A87: 50 | B87: 2 | C87: 50 | D87: 1.15 | E87: 5 | F87: 5 | G87: 1.165 | H87: 0 | I87: 0 | J87: 1 | L87: =IF(ISBLANK(E87),IF(ISBLANK(F87),"",100), IF(E87+F87=0, 0, IF(G87=3600, IF(E87=F87,1,(E87-F87)/E87*100), 0))) -> 0
A88: 50 | B88: 2 | C88: 60 | D88: 1.15 | E88: 5 | F88: 5 | G88: 0.97 | H88: 0 | I88: 0 | J88: 1 | L88: =IF(ISBLANK(E88),IF(ISBLANK(F88),"",100), IF(E88+F88=0, 0, IF(G88=3600, IF(E88=F88,1,(E88-F88)/E88*100), 0))) -> 0
A89: 50 | B89: 2 | C89: 70 | D89: 1.15 | E89: 5 | F89: 5 | G89: 1.47 | H89: 0 | I89: 0 | J89: 1 | L89: =IF(ISBLANK(E89),IF(ISBLANK(F89),"",100), IF(E89+F89=0, 0, IF(G89=3600, IF(E89=F89,1,(E89-F89)/E89*100), 0))) -> 0
A90: 50 | B90: 2 | C90: 80 | D90: 1.15 | E90: 5 | F90: 5 | G90: 1.25 | H90: 0 | I90: 0 | J90: 1 | L90: =IF(ISBLANK(E90),IF(ISBLANK(F90),"",100), IF(E90+F90=0, 0, IF(G90=3600, IF(E90=F90,1,(E90-F90)/E90*100), 0))) -> 0
A91: 50 | B91: 2 | C91: 90 | D91: 1.15 | E91: 6 | F91: 6 | G91: 1.747 | H91: 0 | I91: 0 | J91: 1 | L91: =IF(ISBLANK(E91),IF(ISBLANK(F91),"",100), IF(E91+F91=0, 0, IF(G91=3600, IF(E91=F91,1,(E91-F91)/E91*100), 0))) -> 0
A92: 50 | B92: 2 | C92: 100 | D92: 1.15 | E92: 5 | F92: 5 | G92: 1.124 | H92: 0 | I92: 0 | J92: 1 | K92: =AVERAGE(G83:G92) -> 1.475 | L92: =IF(ISBLANK(E92),IF(ISBLANK(F92),"",100), IF(E92+F92=0, 0, IF(G92=3600, IF(E92=F92,1,(E92-F92)/E92*100), 0))) -> 0
A93: 50 | B93: 3 | C93: 10 | D93: 1.15 | E93: 4 | F93: 4 | G93: 0.923 | H93: 0 | I93: 0 | J93: 1 | L93: =IF(ISBLANK(E93),IF(ISBLANK(F93),"",100), IF(E93+F93=0, 0, IF(G93=3600, IF(E93=F93,1,(E93-F93)/E93*100), 0))) -> 0
A94: 50 | B94: 3 | C94: 20 | D94: 1.15 | E94: 4 | F94: 4 | G94: 0.8 | H94: 0 | I94: 0 | J94: 1 | L94: =IF(ISBLANK(E94),IF(ISBLANK(F94),"",100), IF(E94+F94=0, 0, IF(G94=3600, IF(E94=F94,1,(E94-F94)/E94*100), 0))) -> 0
A95: 50 | B95: 3 | C95: 30 | D95: 1.15 | E95: 4 | F95: 4 | G95: 1.292 | H95: 0 | I95: 0 | J95: 1 | L95: =IF(ISBLANK(E95),IF(ISBLANK(F95),"",100), IF(E95+F95=0, 0, IF(G95=3600, IF(E95=F95,1,(E95-F95)/E95*100), 0))) -> 0
A96: 50 | B96: 3 | C96: 40 | D96: 1.15 | E96: 4 | F96: 4 | G96: 0.925 | H96: 0 | I96: 0 | J96: 1 | L96: =IF(ISBLANK(E96),IF(ISBLANK(F96),"",100), IF(E96+F96=0, 0, IF(G96=3600, IF(E96=F96,1,(E96-F96)/E96*100), 0))) -> 0
A97: 50 | B97: 3 | C97: 50 | D97: 1.15 | E97: 4 | F97: 4 | G97: 0.89 | H97: 0 | I97: 0 | J97: 1 | L97: =IF(ISBLANK(E97),IF(ISBLANK(F97),"",100), IF(E97+F97=0, 0, IF(G97=3600, IF(E97=F97,1,(E97-F97)/E97*100), 0))) -> 0
A98: 50 | B98: 3 | C98: 60 | D98: 1.15 | E98: 4 | F98: 4 | G98: 0.818 | H98: 0 | I98: 0 | J98: 1 | L98: =IF(ISBLANK(E98),IF(ISBLANK(F98),"",100), IF(E98+F98=0, 0, IF(G98=3600, IF(E98=F98,1,(E98-F98)/E98*100), 0))) -> 0
A99: 50 | B99: 3 | C99: 70 | D99: 1.15 | E99: 4 | F99: 4 | G99: 1.22 | H99: 0 | I99: 0 | J99: 1 | L99: =IF(ISBLANK(E99),IF(ISBLANK(F99),"",100), IF(E99+F99=0, 0, IF(G99=3600, IF(E99=F99,1,(E99-F99)/E99*100), 0))) -> 0
A100: 50 | B100: 3 | C100: 80 | D100: 1.15 | E100: 4 | F100: 4 | G100: 0.994 | H100: 0 | I100: 0 | J100: 1 | L100: =IF(ISBLANK(E100),IF(ISBLANK(F100),"",100), IF(E100+F100=0, 0, IF(G100=3600, IF(E100=F100,1,(E100-F100)/E100*100), 0))) -> 0
...

Sheet large_size_ATCSQ
D1: Ours
A2: Job num | B2: Machine num | C2: Seed | D2: Lambda | E2: objective value | F2: Feasibility | G2: total time | H2: GAP | I2: Average time | J2: Success Rate | K2: Average GAP | L2: Average Diff
A3: 100 | B3: 20 | C3: 110 | D3: 1.15 | E3: 23 | F3: 0 | G3: 0.008 | H3: =IF(E3=large_size_ATCSQ!F3,1,(E3-large_size_ATCSQ!F3)/E3) -> 1
A4: 100 | B4: 20 | C4: 120 | D4: 1.15 | E4: 22 | F4: TRUE | G4: 0.008 | H4: =IF(E4=large_size_ATCSQ!F4,1,(E4-large_size_ATCSQ!F4)/E4) -> 0.95454545
A5: 100 | B5: 20 | C5: 130 | D5: 1.15 | E5: 24 | F5: 0 | G5: 0.008 | H5: =IF(E5=large_size_ATCSQ!F5,1,(E5-large_size_ATCSQ!F5)/E5) -> 1
A6: 100 | B6: 20 | C6: 140 | D6: 1.15 | E6: 17 | F6: TRUE | G6: 0.008 | H6: =IF(E6=large_size_ATCSQ!F6,1,(E6-large_size_ATCSQ!F6)/E6) -> 0.94117647
A7: 100 | B7: 20 | C7: 150 | D7: 1.15 | E7: 21 | F7: TRUE | G7: 0.008 | H7: =IF(E7=large_size_ATCSQ!F7,1,(E7-large_size_ATCSQ!F7)/E7) -> 0.95238095
A8: 100 | B8: 20 | C8: 160 | D8: 1.15 | E8: 19 | F8: TRUE | G8: 0.007 | H8: =IF(E8=large_size_ATCSQ!F8,1,(E8-large_size_ATCSQ!F8)/E8) -> 0.94736842
A9: 100 | B9: 20 | C9: 170 | D9: 1.15 | E9: 20 | F9: TRUE | G9: 0.008 | H9: =IF(E9=large_size_ATCSQ!F9,1,(E9-large_size_ATCSQ!F9)/E9) -> 0.95
A10: 100 | B10: 20 | C10: 180 | D10: 1.15 | E10: 16 | F10: TRUE | G10: 0.008 | H10: =IF(E10=large_size_ATCSQ!F10,1,(E10-large_size_ATCSQ!F10)/E10) -> 0.9375
A11: 100 | B11: 20 | C11: 190 | D11: 1.15 | E11: 24 | F11: TRUE | G11: 0.008 | H11: =IF(E11=large_size_ATCSQ!F11,1,(E11-large_size_ATCSQ!F11)/E11) -> 0.95833333
A12: 100 | B12: 20 | C12: 200 | D12: 1.15 | E12: 17 | F12: TRUE | G12: 0.008 | H12: =IF(E12=large_size_ATCSQ!F12,1,(E12-large_size_ATCSQ!F12)/E12) -> 0.94117647 | I12: =AVERAGE(G3:G12) -> 0.0079 | J12: {=SUM(--(F3:F12))/10} -> 0.8 | K12: =AVERAGE(H3:H12) -> 0.95824811 | L12: {=SUMPRODUCT(E3:E12-large_size!F3:F12)/10} -> 19.9
A13: 100 | B13: 25 | C13: 110 | D13: 1.15 | E13: 27 | F13: 0 | G13: 0.008 | H13: =IF(E13=large_size_ATCSQ!F13,1,(E13-large_size_ATCSQ!F13)/E13) -> 1
A14: 100 | B14: 25 | C14: 120 | D14: 1.15 | E14: 24 | F14: 0 | G14: 0.008 | H14: =IF(E14=large_size_ATCSQ!F14,1,(E14-large_size_ATCSQ!F14)/E14) -> 1
A15: 100 | B15: 25 | C15: 130 | D15: 1.15 | E15: 24 | F15: 0 | G15: 0.008 | H15: =IF(E15=large_size_ATCSQ!F15,1,(E15-large_size_ATCSQ!F15)/E15) -> 1
A16: 100 | B16: 25 | C16: 140 | D16: 1.15 | E16: 19 | F16: TRUE | G16: 0.008 | H16: =IF(E16=large_size_ATCSQ!F16,1,(E16-large_size_ATCSQ!F16)/E16) -> 0.94736842
A17: 100 | B17: 25 | C17: 150 | D17: 1.15 | E17: 20 | F17: 0 | G17: 0.008 | H17: =IF(E17=large_size_ATCSQ!F17,1,(E17-large_size_ATCSQ!F17)/E17) -> 1
A18: 100 | B18: 25 | C18: 160 | D18: 1.15 | E18: 22 | F18: TRUE | G18: 0.008 | H18: =IF(E18=large_size_ATCSQ!F18,1,(E18-large_size_ATCSQ!F18)/E18) -> 0.95454545
A19: 100 | B19: 25 | C19: 170 | D19: 1.15 | E19: 23 | F19: TRUE | G19: 0.009 | H19: =IF(E19=large_size_ATCSQ!F19,1,(E19-large_size_ATCSQ!F19)/E19) -> 0.95652174
A20: 100 | B20: 25 | C20: 180 | D20: 1.15 | E20: 19 | F20: TRUE | G20: 0.009 | H20: =IF(E20=large_size_ATCSQ!F20,1,(E20-large_size_ATCSQ!F20)/E20) -> 0.94736842
A21: 100 | B21: 25 | C21: 190 | D21: 1.15 | E21: 26 | F21: TRUE | G21: 0.007 | H21: =IF(E21=large_size_ATCSQ!F21,1,(E21-large_size_ATCSQ!F21)/E21) -> 0.96153846
A22: 100 | B22: 25 | C22: 200 | D22: 1.15 | E22: 17 | F22: TRUE | G22: 0.007 | H22: =IF(E22=large_size_ATCSQ!F22,1,(E22-large_size_ATCSQ!F22)/E22) -> 0.94117647 | I22: =AVERAGE(G13:G22) -> 0.008 | J22: {=SUM(--(F13:F22))/10} -> 0.6 | K22: =AVERAGE(H13:H22) -> 0.9708519 | L22: {=SUMPRODUCT(E13:E22-large_size!F13:F22)/10} -> 22.1
A23: 200 | B23: 20 | C23: 110 | D23: 1.15 | E23: 38 | F23: TRUE | G23: 0.031 | H23: =IF(E23=large_size_ATCSQ!F23,1,(E23-large_size_ATCSQ!F23)/E23) -> 0.97368421
A24: 200 | B24: 20 | C24: 120 | D24: 1.15 | E24: 33 | F24: TRUE | G24: 0.03 | H24: =IF(E24=large_size_ATCSQ!F24,1,(E24-large_size_ATCSQ!F24)/E24) -> 0.96969697
A25: 200 | B25: 20 | C25: 130 | D25: 1.15 | E25: 35 | F25: TRUE | G25: 0.031 | H25: =IF(E25=large_size_ATCSQ!F25,1,(E25-large_size_ATCSQ!F25)/E25) -> 0.97142857
A26: 200 | B26: 20 | C26: 140 | D26: 1.15 | E26: 34 | F26: TRUE | G26: 0.032 | H26: =IF(E26=large_size_ATCSQ!F26,1,(E26-large_size_ATCSQ!F26)/E26) -> 0.97058824
A27: 200 | B27: 20 | C27: 150 | D27: 1.15 | E27: 39 | F27: TRUE | G27: 0.031 | H27: =IF(E27=large_size_ATCSQ!F27,1,(E27-large_size_ATCSQ!F27)/E27) -> 0.97435897
A28: 200 | B28: 20 | C28: 160 | D28: 1.15 | E28: 40 | F28: TRUE | G28: 0.032 | H28: =IF(E28=large_size_ATCSQ!F28,1,(E28-large_size_ATCSQ!F28)/E28) -> 0.975
A29: 200 | B29: 20 | C29: 170 | D29: 1.15 | E29: 33 | F29: TRUE | G29: 0.031 | H29: =IF(E29=large_size_ATCSQ!F29,1,(E29-large_size_ATCSQ!F29)/E29) -> 0.96969697
A30: 200 | B30: 20 | C30: 180 | D30: 1.15 | E30: 40 | F30: TRUE | G30: 0.032 | H30: =IF(E30=large_size_ATCSQ!F30,1,(E30-large_size_ATCSQ!F30)/E30) -> 0.975
A31: 200 | B31: 20 | C31: 190 | D31: 1.15 | E31: 36 | F31: TRUE | G31: 0.031 | H31: =IF(E31=large_size_ATCSQ!F31,1,(E31-large_size_ATCSQ!F31)/E31) -> 0.97222222
A32: 200 | B32: 20 | C32: 200 | D32: 1.15 | E32: 34 | F32: TRUE | G32: 0.031 | H32: =IF(E32=large_size_ATCSQ!F32,1,(E32-large_size_ATCSQ!F32)/E32) -> 0.97058824 | I32: =AVERAGE(G23:G32) -> 0.0312 | J32: {=SUM(--(F23:F32))/10} -> 1 | K32: =AVERAGE(H23:H32) -> 0.97222644 | L32: {=SUMPRODUCT(E23:E32-large_size!F23:F32)/10} -> 30.2
A33: 200 | B33: 25 | C33: 110 | D33: 1.15 | E33: 45 | F33: 0 | G33: 0.031 | H33: =IF(E33=large_size_ATCSQ!F33,1,(E33-large_size_ATCSQ!F33)/E33) -> 1
A34: 200 | B34: 25 | C34: 120 | D34: 1.15 | E34: 35 | F34: TRUE | G34: 0.031 | H34: =IF(E34=large_size_ATCSQ!F34,1,(E34-large_size_ATCSQ!F34)/E34) -> 0.97142857
A35: 200 | B35: 25 | C35: 130 | D35: 1.15 | E35: 40 | F35: TRUE | G35: 0.032 | H35: =IF(E35=large_size_ATCSQ!F35,1,(E35-large_size_ATCSQ!F35)/E35) -> 0.975
A36: 200 | B36: 25 | C36: 140 | D36: 1.15 | E36: 28 | F36: TRUE | G36: 0.032 | H36: =IF(E36=large_size_ATCSQ!F36,1,(E36-large_size_ATCSQ!F36)/E36) -> 0.96428571
A37: 200 | B37: 25 | C37: 150 | D37: 1.15 | E37: 43 | F37: TRUE | G37: 0.031 | H37: =IF(E37=large_size_ATCSQ!F37,1,(E37-large_size_ATCSQ!F37)/E37) -> 0.97674419
A38: 200 | B38: 25 | C38: 160 | D38: 1.15 | E38: 47 | F38: TRUE | G38: 0.032 | H38: =IF(E38=large_size_ATCSQ!F38,1,(E38-large_size_ATCSQ!F38)/E38) -> 0.9787234
A39: 200 | B39: 25 | C39: 170 | D39: 1.15 | E39: 35 | F39: TRUE | G39: 0.031 | H39: =IF(E39=large_size_ATCSQ!F39,1,(E39-large_size_ATCSQ!F39)/E39) -> 0.97142857
A40: 200 | B40: 25 | C40: 180 | D40: 1.15 | E40: 41 | F40: TRUE | G40: 0.032 | H40: =IF(E40=large_size_ATCSQ!F40,1,(E40-large_size_ATCSQ!F40)/E40) -> 0.97560976
A41: 200 | B41: 25 | C41: 190 | D41: 1.15 | E41: 36 | F41: TRUE | G41: 0.032 | H41: =IF(E41=large_size_ATCSQ!F41,1,(E41-large_size_ATCSQ!F41)/E41) -> 0.97222222
A42: 200 | B42: 25 | C42: 200 | D42: 1.15 | E42: 33 | F42: TRUE | G42: 0.031 | H42: =IF(E42=large_size_ATCSQ!F42,1,(E42-large_size_ATCSQ!F42)/E42) -> 0.96969697 | I42: =AVERAGE(G33:G42) -> 0.0315 | J42: {=SUM(--(F33:F42))/10} -> 0.9 | K42: =AVERAGE(H33:H42) -> 0.97551394 | L42: {=SUMPRODUCT(E33:E42-large_size!F33:F42)/10} -> 36.9
J43: =IF(ISBLANK(E43),IF(ISBLANK(F43),"",100), IF(E43+F43=0, 0, IF(G43=3600, IF(E43=F43,1,(E43-F43)/E43*100), 0)))
J44: =IF(ISBLANK(E44),IF(ISBLANK(F44),"",100), IF(E44+F44=0, 0, IF(G44=3600, IF(E44=F44,1,(E44-F44)/E44*100), 0)))
J45: =IF(ISBLANK(E45),IF(ISBLANK(F45),"",100), IF(E45+F45=0, 0, IF(G45=3600, IF(E45=F45,1,(E45-F45)/E45*100), 0)))
J46: =IF(ISBLANK(E46),IF(ISBLANK(F46),"",100), IF(E46+F46=0, 0, IF(G46=3600, IF(E46=F46,1,(E46-F46)/E46*100), 0)))
J47: =IF(ISBLANK(E47),IF(ISBLANK(F47),"",100), IF(E47+F47=0, 0, IF(G47=3600, IF(E47=F47,1,(E47-F47)/E47*100), 0)))
J48: =IF(ISBLANK(E48),IF(ISBLANK(F48),"",100), IF(E48+F48=0, 0, IF(G48=3600, IF(E48=F48,1,(E48-F48)/E48*100), 0)))
J49: =IF(ISBLANK(E49),IF(ISBLANK(F49),"",100), IF(E49+F49=0, 0, IF(G49=3600, IF(E49=F49,1,(E49-F49)/E49*100), 0)))
J50: =IF(ISBLANK(E50),IF(ISBLANK(F50),"",100), IF(E50+F50=0, 0, IF(G50=3600, IF(E50=F50,1,(E50-F50)/E50*100), 0)))
J51: =IF(ISBLANK(E51),IF(ISBLANK(F51),"",100), IF(E51+F51=0, 0, IF(G51=3600, IF(E51=F51,1,(E51-F51)/E51*100), 0)))
I52: =AVERAGE(G43:G52) -> #DIV/0! | J52: =IF(ISBLANK(E52),IF(ISBLANK(F52),"",100), IF(E52+F52=0, 0, IF(G52=3600, IF(E52=F52,1,(E52-F52)/E52*100), 0)))
J53: =IF(ISBLANK(E53),IF(ISBLANK(F53),"",100), IF(E53+F53=0, 0, IF(G53=3600, IF(E53=F53,1,(E53-F53)/E53*100), 0)))
J54: =IF(ISBLANK(E54),IF(ISBLANK(F54),"",100), IF(E54+F54=0, 0, IF(G54=3600, IF(E54=F54,1,(E54-F54)/E54*100), 0)))
J55: =IF(ISBLANK(E55),IF(ISBLANK(F55),"",100), IF(E55+F55=0, 0, IF(G55=3600, IF(E55=F55,1,(E55-F55)/E55*100), 0)))
J56: =IF(ISBLANK(E56),IF(ISBLANK(F56),"",100), IF(E56+F56=0, 0, IF(G56=3600, IF(E56=F56,1,(E56-F56)/E56*100), 0)))
J57: =IF(ISBLANK(E57),IF(ISBLANK(F57),"",100), IF(E57+F57=0, 0, IF(G57=3600, IF(E57=F57,1,(E57-F57)/E57*100), 0)))
J58: =IF(ISBLANK(E58),IF(ISBLANK(F58),"",100), IF(E58+F58=0, 0, IF(G58=3600, IF(E58=F58,1,(E58-F58)/E58*100), 0)))
J59: =IF(ISBLANK(E59),IF(ISBLANK(F59),"",100), IF(E59+F59=0, 0, IF(G59=3600, IF(E59=F59,1,(E59-F59)/E59*100), 0)))
J60: =IF(ISBLANK(E60),IF(ISBLANK(F60),"",100), IF(E60+F60=0, 0, IF(G60=3600, IF(E60=F60,1,(E60-F60)/E60*100), 0)))
J61: =IF(ISBLANK(E61),IF(ISBLANK(F61),"",100), IF(E61+F61=0, 0, IF(G61=3600, IF(E61=F61,1,(E61-F61)/E61*100), 0)))
I62: =AVERAGE(G53:G62) -> #DIV/0! | J62: =IF(ISBLANK(E62),IF(ISBLANK(F62),"",100), IF(E62+F62=0, 0, IF(G62=3600, IF(E62=F62,1,(E62-F62)/E62*100), 0)))
J63: =IF(ISBLANK(E63),IF(ISBLANK(F63),"",100), IF(E63+F63=0, 0, IF(G63=3600, IF(E63=F63,1,(E63-F63)/E63*100), 0)))
J64: =IF(ISBLANK(E64),IF(ISBLANK(F64),"",100), IF(E64+F64=0, 0, IF(G64=3600, IF(E64=F64,1,(E64-F64)/E64*100), 0)))
J65: =IF(ISBLANK(E65),IF(ISBLANK(F65),"",100), IF(E65+F65=0, 0, IF(G65=3600, IF(E65=F65,1,(E65-F65)/E65*100), 0)))
J66: =IF(ISBLANK(E66),IF(ISBLANK(F66),"",100), IF(E66+F66=0, 0, IF(G66=3600, IF(E66=F66,1,(E66-F66)/E66*100), 0)))
J67: =IF(ISBLANK(E67),IF(ISBLANK(F67),"",100), IF(E67+F67=0, 0, IF(G67=3600, IF(E67=F67,1,(E67-F67)/E67*100), 0)))
J68: =IF(ISBLANK(E68),IF(ISBLANK(F68),"",100), IF(E68+F68=0, 0, IF(G68=3600, IF(E68=F68,1,(E68-F68)/E68*100), 0)))
J69: =IF(ISBLANK(E69),IF(ISBLANK(F69),"",100), IF(E69+F69=0, 0, IF(G69=3600, IF(E69=F69,1,(E69-F69)/E69*100), 0)))
J70: =IF(ISBLANK(E70),IF(ISBLANK(F70),"",100), IF(E70+F70=0, 0, IF(G70=3600, IF(E70=F70,1,(E70-F70)/E70*100), 0)))
J71: =IF(ISBLANK(E71),IF(ISBLANK(F71),"",100), IF(E71+F71=0, 0, IF(G71=3600, IF(E71=F71,1,(E71-F71)/E71*100), 0)))
I72: =AVERAGE(G63:G72) -> #DIV/0! | J72: =IF(ISBLANK(E72),IF(ISBLANK(F72),"",100), IF(E72+F72=0, 0, IF(G72=3600, IF(E72=F72,1,(E72-F72)/E72*100), 0)))
J73: =IF(ISBLANK(E73),IF(ISBLANK(F73),"",100), IF(E73+F73=0, 0, IF(G73=3600, IF(E73=F73,1,(E73-F73)/E73*100), 0)))
J74: =IF(ISBLANK(E74),IF(ISBLANK(F74),"",100), IF(E74+F74=0, 0, IF(G74=3600, IF(E74=F74,1,(E74-F74)/E74*100), 0)))
J75: =IF(ISBLANK(E75),IF(ISBLANK(F75),"",100), IF(E75+F75=0, 0, IF(G75=3600, IF(E75=F75,1,(E75-F75)/E75*100), 0)))
J76: =IF(ISBLANK(E76),IF(ISBLANK(F76),"",100), IF(E76+F76=0, 0, IF(G76=3600, IF(E76=F76,1,(E76-F76)/E76*100), 0)))
J77: =IF(ISBLANK(E77),IF(ISBLANK(F77),"",100), IF(E77+F77=0, 0, IF(G77=3600, IF(E77=F77,1,(E77-F77)/E77*100), 0)))
J78: =IF(ISBLANK(E78),IF(ISBLANK(F78),"",100), IF(E78+F78=0, 0, IF(G78=3600, IF(E78=F78,1,(E78-F78)/E78*100), 0)))
J79: =IF(ISBLANK(E79),IF(ISBLANK(F79),"",100), IF(E79+F79=0, 0, IF(G79=3600, IF(E79=F79,1,(E79-F79)/E79*100), 0)))
J80: =IF(ISBLANK(E80),IF(ISBLANK(F80),"",100), IF(E80+F80=0, 0, IF(G80=3600, IF(E80=F80,1,(E80-F80)/E80*100), 0)))
J81: =IF(ISBLANK(E81),IF(ISBLANK(F81),"",100), IF(E81+F81=0, 0, IF(G81=3600, IF(E81=F81,1,(E81-F81)/E81*100), 0)))
I82: =AVERAGE(G73:G82) -> #DIV/0! | J82: =IF(ISBLANK(E82),IF(ISBLANK(F82),"",100), IF(E82+F82=0, 0, IF(G82=3600, IF(E82=F82,1,(E82-F82)/E82*100), 0)))
D83: =AVERAGE(D3:D82) -> 1.15 | E83: =AVERAGE(E3:E82) -> 29.225 | F83: =AVERAGE(F3:F82) -> 0 | G83: =AVERAGE(G3:G82) -> 0.01965 | J83: =COUNTIF(J3:J82,">0") -> 4
D163: =AVERAGE(D12:D82) -> 1.15 | E163: =SUM(E12:E82) -> 983 | F163: =SUM(F12:F82) -> 0 | I163: =AVERAGE(I12:I82) -> #DIV/0! | J163: =COUNTIF(J12:J82,">0") -> 4

Sheet large_size_GA
D1: Ours
A2: Job num | B2: Machine num | C2: Seed | D2: Lambda | E2: objective value | F2: Feasibility | G2: total time | H2: GAP | I2: Average time | J2: Success Rate | K2: Average GAP | L2: Average Diff
A3: 100 | B3: 20 | C3: 110 | D3: 1.15 | E3: 5 | F3: TRUE | G3: 275.611 | H3: =IF(E3=0, 0, IF(E3=large_size_GA!F3,1,(E3-large_size_GA!F3)/E3)) -> 0.8
A4: 100 | B4: 20 | C4: 120 | D4: 1.15 | E4: 0 | F4: TRUE | G4: 352.289 | H4: =IF(E4=0, 0, IF(E4=large_size_GA!F4,1,(E4-large_size_GA!F4)/E4)) -> 0
A5: 100 | B5: 20 | C5: 130 | D5: 1.15 | E5: 4 | F5: TRUE | G5: 230.615 | H5: =IF(E5=0, 0, IF(E5=large_size_GA!F5,1,(E5-large_size_GA!F5)/E5)) -> 0.75
A6: 100 | B6: 20 | C6: 140 | D6: 1.15 | E6: 4 | F6: TRUE | G6: 297.426 | H6: =IF(E6=0, 0, IF(E6=large_size_GA!F6,1,(E6-large_size_GA!F6)/E6)) -> 0.75
A7: 100 | B7: 20 | C7: 150 | D7: 1.15 | E7: 4 | F7: TRUE | G7: 236.876 | H7: =IF(E7=0, 0, IF(E7=large_size_GA!F7,1,(E7-large_size_GA!F7)/E7)) -> 0.75
A8: 100 | B8: 20 | C8: 160 | D8: 1.15 | E8: 2 | F8: TRUE | G8: 530.526 | H8: =IF(E8=0, 0, IF(E8=large_size_GA!F8,1,(E8-large_size_GA!F8)/E8)) -> 0.5
A9: 100 | B9: 20 | C9: 170 | D9: 1.15 | E9: 2 | F9: TRUE | G9: 419.32 | H9: =IF(E9=0, 0, IF(E9=large_size_GA!F9,1,(E9-large_size_GA!F9)/E9)) -> 0.5
A10: 100 | B10: 20 | C10: 180 | D10: 1.15 | E10: 1 | F10: TRUE | G10: 613.768 | H10: =IF(E10=0, 0, IF(E10=large_size_GA!F10,1,(E10-large_size_GA!F10)/E10)) -> 0
A11: 100 | B11: 20 | C11: 190 | D11: 1.15 | E11: 0 | F11: TRUE | G11: 545.89 | H11: =IF(E11=0, 0, IF(E11=large_size_GA!F11,1,(E11-large_size_GA!F11)/E11)) -> 0
A12: 100 | B12: 20 | C12: 200 | D12: 1.15 | E12: 6 | F12: TRUE | G12: 192.711 | H12: =IF(E12=0, 0, IF(E12=large_size_GA!F12,1,(E12-large_size_GA!F12)/E12)) -> 0.83333333 | I12: =AVERAGE(G3:G12) -> 369.5032 | J12: {=SUM(--(F3:F12))/10} -> 1 | K12: =AVERAGE(H3:H12) -> 0.48833333 | L12: {=SUMPRODUCT(E3:E12-large_size!F3:F12)/10} -> 2.4
A13: 100 | B13: 25 | C13: 110 | D13: 1.15 | E13: 5 | F13: TRUE | G13: 264.361 | H13: =IF(E13=0, 0, IF(E13=large_size_GA!F13,1,(E13-large_size_GA!F13)/E13)) -> 0.8
A14: 100 | B14: 25 | C14: 120 | D14: 1.15 | E14: 0 | F14: TRUE | G14: 227.624 | H14: =IF(E14=0, 0, IF(E14=large_size_GA!F14,1,(E14-large_size_GA!F14)/E14)) -> 0
A15: 100 | B15: 25 | C15: 130 | D15: 1.15 | E15: 1 | F15: TRUE | G15: 263.817 | H15: =IF(E15=0, 0, IF(E15=large_size_GA!F15,1,(E15-large_size_GA!F15)/E15)) -> 0
A16: 100 | B16: 25 | C16: 140 | D16: 1.15 | E16: 2 | F16: TRUE | G16: 257.451 | H16: =IF(E16=0, 0, IF(E16=large_size_GA!F16,1,(E16-large_size_GA!F16)/E16)) -> 0.5
A17: 100 | B17: 25 | C17: 150 | D17: 1.15 | E17: 4 | F17: TRUE | G17: 209.895 | H17: =IF(E17=0, 0, IF(E17=large_size_GA!F17,1,(E17-large_size_GA!F17)/E17)) -> 0.75
A18: 100 | B18: 25 | C18: 160 | D18: 1.15 | E18: 3 | F18: TRUE | G18: 223.645 | H18: =IF(E18=0, 0, IF(E18=large_size_GA!F18,1,(E18-large_size_GA!F18)/E18)) -> 0.66666667
A19: 100 | B19: 25 | C19: 170 | D19: 1.15 | E19: 0 | F19: TRUE | G19: 307.609 | H19: =IF(E19=0, 0, IF(E19=large_size_GA!F19,1,(E19-large_size_GA!F19)/E19)) -> 0
A20: 100 | B20: 25 | C20: 180 | D20: 1.15 | E20: 0 | F20: TRUE | G20: 403.152 | H20: =IF(E20=0, 0, IF(E20=large_size_GA!F20,1,(E20-large_size_GA!F20)/E20)) -> 0
A21: 100 | B21: 25 | C21: 190 | D21: 1.15 | E21: 0 | F21: TRUE | G21: 358.591 | H21: =IF(E21=0, 0, IF(E21=large_size_GA!F21,1,(E21-large_size_GA!F21)/E21)) -> 0
A22: 100 | B22: 25 | C22: 200 | D22: 1.15 | E22: 0 | F22: TRUE | G22: 228.806 | H22: =IF(E22=0, 0, IF(E22=large_size_GA!F22,1,(E22-large_size_GA!F22)/E22)) -> 0 | I22: =AVERAGE(G13:G22) -> 274.4951 | J22: {=SUM(--(F13:F22))/10} -> 1 | K22: =AVERAGE(H13:H22) -> 0.27166667 | L22: {=SUMPRODUCT(E13:E22-large_size!F13:F22)/10} -> 1.5
A23: 200 | B23: 20 | C23: 110 | D23: 1.15 | E23: 59 | F23: 0 | G23: 2655.838 | H23: =IF(E23=0, 0, IF(E23=large_size_GA!F23,1,(E23-large_size_GA!F23)/E23)) -> 1
A24: 200 | B24: 20 | C24: 120 | D24: 1.15 | E24: 45 | F24: 0 | G24: 2380.865 | H24: =IF(E24=0, 0, IF(E24=large_size_GA!F24,1,(E24-large_size_GA!F24)/E24)) -> 1
A25: 200 | B25: 20 | C25: 130 | D25: 1.15 | E25: 65 | F25: 0 | G25: 1524.057 | H25: =IF(E25=0, 0, IF(E25=large_size_GA!F25,1,(E25-large_size_GA!F25)/E25)) -> 1
A26: 200 | B26: 20 | C26: 140 | D26: 1.15 | E26: 58 | F26: 0 | G26: 3600.239 | H26: =IF(E26=0, 0, IF(E26=large_size_GA!F26,1,(E26-large_size_GA!F26)/E26)) -> 1
A27: 200 | B27: 20 | C27: 150 | D27: 1.15 | E27: 73 | F27: 0 | G27: 1679.523 | H27: =IF(E27=0, 0, IF(E27=large_size_GA!F27,1,(E27-large_size_GA!F27)/E27)) -> 1
A28: 200 | B28: 20 | C28: 160 | D28: 1.15 | E28: 63 | F28: 0 | G28: 3246.509 | H28: =IF(E28=0, 0, IF(E28=large_size_GA!F28,1,(E28-large_size_GA!F28)/E28)) -> 1
A29: 200 | B29: 20 | C29: 170 | D29: 1.15 | E29: 57 | F29: 0 | G29: 3600.267 | H29: =IF(E29=0, 0, IF(E29=large_size_GA!F29,1,(E29-large_size_GA!F29)/E29)) -> 1
A30: 200 | B30: 20 | C30: 180 | D30: 1.15 | E30: 46 | F30: 0 | G30: 2023.421 | H30: =IF(E30=0, 0, IF(E30=large_size_GA!F30,1,(E30-large_size_GA!F30)/E30)) -> 1
A31: 200 | B31: 20 | C31: 190 | D31: 1.15 | E31: 54 | F31: 0 | G31: 1727.633 | H31: =IF(E31=0, 0, IF(E31=large_size_GA!F31,1,(E31-large_size_GA!F31)/E31)) -> 1
A32: 200 | B32: 20 | C32: 200 | D32: 1.15 | E32: 124 | F32: 0 | G32: 3142.892 | H32: =IF(E32=0, 0, IF(E32=large_size_GA!F32,1,(E32-large_size_GA!F32)/E32)) -> 1 | I32: =AVERAGE(G23:G32) -> 2558.1244 | J32: {=SUM(--(F23:F32))/10} -> 0 | K32: =AVERAGE(H23:H32) -> 1 | L32: {=SUMPRODUCT(E23:E32-large_size!F23:F32)/10} -> 58.4
A33: 200 | B33: 25 | C33: 110 | D33: 1.15 | E33: 21 | F33: 0 | G33: 1906.969 | H33: =IF(E33=0, 0, IF(E33=large_size_GA!F33,1,(E33-large_size_GA!F33)/E33)) -> 1
A34: 200 | B34: 25 | C34: 120 | D34: 1.15 | E34: 29 | F34: 0 | G34: 1580.251 | H34: =IF(E34=0, 0, IF(E34=large_size_GA!F34,1,(E34-large_size_GA!F34)/E34)) -> 1
A35: 200 | B35: 25 | C35: 130 | D35: 1.15 | E35: 12 | F35: TRUE | G35: 1699.101 | H35: =IF(E35=0, 0, IF(E35=large_size_GA!F35,1,(E35-large_size_GA!F35)/E35)) -> 0.91666667
A36: 200 | B36: 25 | C36: 140 | D36: 1.15 | E36: 19 | F36: 0 | G36: 1668.209 | H36: =IF(E36=0, 0, IF(E36=large_size_GA!F36,1,(E36-large_size_GA!F36)/E36)) -> 1
A37: 200 | B37: 25 | C37: 150 | D37: 1.15 | E37: 9 | F37: TRUE | G37: 1258.027 | H37: =IF(E37=0, 0, IF(E37=large_size_GA!F37,1,(E37-large_size_GA!F37)/E37)) -> 0.88888889
A38: 200 | B38: 25 | C38: 160 | D38: 1.15 | E38: 5 | F38: TRUE | G38: 3520.274 | H38: =IF(E38=0, 0, IF(E38=large_size_GA!F38,1,(E38-large_size_GA!F38)/E38)) -> 0.8
A39: 200 | B39: 25 | C39: 170 | D39: 1.15 | E39: 17 | F39: TRUE | G39: 1529.357 | H39: =IF(E39=0, 0, IF(E39=large_size_GA!F39,1,(E39-large_size_GA!F39)/E39)) -> 0.94117647
A40: 200 | B40: 25 | C40: 180 | D40: 1.15 | E40: 10 | F40: TRUE | G40: 1580.987 | H40: =IF(E40=0, 0, IF(E40=large_size_GA!F40,1,(E40-large_size_GA!F40)/E40)) -> 0.9
A41: 200 | B41: 25 | C41: 190 | D41: 1.15 | E41: 17 | F41: TRUE | G41: 1105.665 | H41: =IF(E41=0, 0, IF(E41=large_size_GA!F41,1,(E41-large_size_GA!F41)/E41)) -> 0.94117647
A42: 200 | B42: 25 | C42: 200 | D42: 1.15 | E42: 21 | F42: TRUE | G42: 2122.551 | H42: =IF(E42=0, 0, IF(E42=large_size_GA!F42,1,(E42-large_size_GA!F42)/E42)) -> 0.95238095 | I42: =AVERAGE(G33:G42) -> 1797.1391 | J42: {=SUM(--(F33:F42))/10} -> 0.7 | K42: =AVERAGE(H33:H42) -> 0.93402894 | L42: {=SUMPRODUCT(E33:E42-large_size!F33:F42)/10} -> 14.6
J43: =IF(ISBLANK(E43),IF(ISBLANK(F43),"",100), IF(E43+F43=0, 0, IF(G43=3600, IF(E43=F43,1,(E43-F43)/E43*100), 0)))
J44: =IF(ISBLANK(E44),IF(ISBLANK(F44),"",100), IF(E44+F44=0, 0, IF(G44=3600, IF(E44=F44,1,(E44-F44)/E44*100), 0)))
J45: =IF(ISBLANK(E45),IF(ISBLANK(F45),"",100), IF(E45+F45=0, 0, IF(G45=3600, IF(E45=F45,1,(E45-F45)/E45*100), 0)))
J46: =IF(ISBLANK(E46),IF(ISBLANK(F46),"",100), IF(E46+F46=0, 0, IF(G46=3600, IF(E46=F46,1,(E46-F46)/E46*100), 0)))
J47: =IF(ISBLANK(E47),IF(ISBLANK(F47),"",100), IF(E47+F47=0, 0, IF(G47=3600, IF(E47=F47,1,(E47-F47)/E47*100), 0)))
J48: =IF(ISBLANK(E48),IF(ISBLANK(F48),"",100), IF(E48+F48=0, 0, IF(G48=3600, IF(E48=F48,1,(E48-F48)/E48*100), 0)))
J49: =IF(ISBLANK(E49),IF(ISBLANK(F49),"",100), IF(E49+F49=0, 0, IF(G49=3600, IF(E49=F49,1,(E49-F49)/E49*100), 0)))
J50: =IF(ISBLANK(E50),IF(ISBLANK(F50),"",100), IF(E50+F50=0, 0, IF(G50=3600, IF(E50=F50,1,(E50-F50)/E50*100), 0)))
J51: =IF(ISBLANK(E51),IF(ISBLANK(F51),"",100), IF(E51+F51=0, 0, IF(G51=3600, IF(E51=F51,1,(E51-F51)/E51*100), 0)))
I52: =AVERAGE(G43:G52) -> #DIV/0! | J52: =IF(ISBLANK(E52),IF(ISBLANK(F52),"",100), IF(E52+F52=0, 0, IF(G52=3600, IF(E52=F52,1,(E52-F52)/E52*100), 0)))
J53: =IF(ISBLANK(E53),IF(ISBLANK(F53),"",100), IF(E53+F53=0, 0, IF(G53=3600, IF(E53=F53,1,(E53-F53)/E53*100), 0)))
J54: =IF(ISBLANK(E54),IF(ISBLANK(F54),"",100), IF(E54+F54=0, 0, IF(G54=3600, IF(E54=F54,1,(E54-F54)/E54*100), 0)))
J55: =IF(ISBLANK(E55),IF(ISBLANK(F55),"",100), IF(E55+F55=0, 0, IF(G55=3600, IF(E55=F55,1,(E55-F55)/E55*100), 0)))
J56: =IF(ISBLANK(E56),IF(ISBLANK(F56),"",100), IF(E56+F56=0, 0, IF(G56=3600, IF(E56=F56,1,(E56-F56)/E56*100), 0)))
J57: =IF(ISBLANK(E57),IF(ISBLANK(F57),"",100), IF(E57+F57=0, 0, IF(G57=3600, IF(E57=F57,1,(E57-F57)/E57*100), 0)))
J58: =IF(ISBLANK(E58),IF(ISBLANK(F58),"",100), IF(E58+F58=0, 0, IF(G58=3600, IF(E58=F58,1,(E58-F58)/E58*100), 0)))
J59: =IF(ISBLANK(E59),IF(ISBLANK(F59),"",100), IF(E59+F59=0, 0, IF(G59=3600, IF(E59=F59,1,(E59-F59)/E59*100), 0)))
J60: =IF(ISBLANK(E60),IF(ISBLANK(F60),"",100), IF(E60+F60=0, 0, IF(G60=3600, IF(E60=F60,1,(E60-F60)/E60*100), 0)))
J61: =IF(ISBLANK(E61),IF(ISBLANK(F61),"",100), IF(E61+F61=0, 0, IF(G61=3600, IF(E61=F61,1,(E61-F61)/E61*100), 0)))
I62: =AVERAGE(G53:G62) -> #DIV/0! | J62: =IF(ISBLANK(E62),IF(ISBLANK(F62),"",100), IF(E62+F62=0, 0, IF(G62=3600, IF(E62=F62,1,(E62-F62)/E62*100), 0)))
J63: =IF(ISBLANK(E63),IF(ISBLANK(F63),"",100), IF(E63+F63=0, 0, IF(G63=3600, IF(E63=F63,1,(E63-F63)/E63*100), 0)))
J64: =IF(ISBLANK(E64),IF(ISBLANK(F64),"",100), IF(E64+F64=0, 0, IF(G64=3600, IF(E64=F64,1,(E64-F64)/E64*100), 0)))
J65: =IF(ISBLANK(E65),IF(ISBLANK(F65),"",100), IF(E65+F65=0, 0, IF(G65=3600, IF(E65=F65,1,(E65-F65)/E65*100), 0)))
J66: =IF(ISBLANK(E66),IF(ISBLANK(F66),"",100), IF(E66+F66=0, 0, IF(G66=3600, IF(E66=F66,1,(E66-F66)/E66*100), 0)))
J67: =IF(ISBLANK(E67),IF(ISBLANK(F67),"",100), IF(E67+F67=0, 0, IF(G67=3600, IF(E67=F67,1,(E67-F67)/E67*100), 0)))
J68: =IF(ISBLANK(E68),IF(ISBLANK(F68),"",100), IF(E68+F68=0, 0, IF(G68=3600, IF(E68=F68,1,(E68-F68)/E68*100), 0)))
J69: =IF(ISBLANK(E69),IF(ISBLANK(F69),"",100), IF(E69+F69=0, 0, IF(G69=3600, IF(E69=F69,1,(E69-F69)/E69*100), 0)))
J70: =IF(ISBLANK(E70),IF(ISBLANK(F70),"",100), IF(E70+F70=0, 0, IF(G70=3600, IF(E70=F70,1,(E70-F70)/E70*100), 0)))
J71: =IF(ISBLANK(E71),IF(ISBLANK(F71),"",100), IF(E71+F71=0, 0, IF(G71=3600, IF(E71=F71,1,(E71-F71)/E71*100), 0)))
I72: =AVERAGE(G63:G72) -> #DIV/0! | J72: =IF(ISBLANK(E72),IF(ISBLANK(F72),"",100), IF(E72+F72=0, 0, IF(G72=3600, IF(E72=F72,1,(E72-F72)/E72*100), 0)))
J73: =IF(ISBLANK(E73),IF(ISBLANK(F73),"",100), IF(E73+F73=0, 0, IF(G73=3600, IF(E73=F73,1,(E73-F73)/E73*100), 0)))
J74: =IF(ISBLANK(E74),IF(ISBLANK(F74),"",100), IF(E74+F74=0, 0, IF(G74=3600, IF(E74=F74,1,(E74-F74)/E74*100), 0)))
J75: =IF(ISBLANK(E75),IF(ISBLANK(F75),"",100), IF(E75+F75=0, 0, IF(G75=3600, IF(E75=F75,1,(E75-F75)/E75*100), 0)))
J76: =IF(ISBLANK(E76),IF(ISBLANK(F76),"",100), IF(E76+F76=0, 0, IF(G76=3600, IF(E76=F76,1,(E76-F76)/E76*100), 0)))
J77: =IF(ISBLANK(E77),IF(ISBLANK(F77),"",100), IF(E77+F77=0, 0, IF(G77=3600, IF(E77=F77,1,(E77-F77)/E77*100), 0)))
J78: =IF(ISBLANK(E78),IF(ISBLANK(F78),"",100), IF(E78+F78=0, 0, IF(G78=3600, IF(E78=F78,1,(E78-F78)/E78*100), 0)))
J79: =IF(ISBLANK(E79),IF(ISBLANK(F79),"",100), IF(E79+F79=0, 0, IF(G79=3600, IF(E79=F79,1,(E79-F79)/E79*100), 0)))
J80: =IF(ISBLANK(E80),IF(ISBLANK(F80),"",100), IF(E80+F80=0, 0, IF(G80=3600, IF(E80=F80,1,(E80-F80)/E80*100), 0)))
J81: =IF(ISBLANK(E81),IF(ISBLANK(F81),"",100), IF(E81+F81=0, 0, IF(G81=3600, IF(E81=F81,1,(E81-F81)/E81*100), 0)))
I82: =AVERAGE(G73:G82) -> #DIV/0! | J82: =IF(ISBLANK(E82),IF(ISBLANK(F82),"",100), IF(E82+F82=0, 0, IF(G82=3600, IF(E82=F82,1,(E82-F82)/E82*100), 0)))
D83: =AVERAGE(D3:D82) -> 1.15 | E83: =AVERAGE(E3:E82) -> 21.175 | F83: =AVERAGE(F3:F82) -> 0 | G83: =AVERAGE(G3:G82) -> 1249.8155 | J83: =COUNTIF(J3:J82,">0") -> 3
D163: =AVERAGE(D12:D82) -> 1.15 | E163: =SUM(E12:E82) -> 825 | F163: =SUM(F12:F82) -> 0 | I163: =AVERAGE(I12:I82) -> #DIV/0! | J163: =COUNTIF(J12:J82,">0") -> 3

Sheet large_size
D1: Ours
A2: Job num | B2: Machine num | C2: Seed | D2: Lambda | E2: objective value | F2: lower bound | G2: total time | H2: initial ban num | I2: total ban num | J2: total iter num | K2: BC GAP | L2: Average time | M2: Success Rate | N2: Average GAP | O2: Average Diff
A3: 100 | B3: 20 | C3: 110 | D3: 1.15 | E3: 0 | F3: 0 | G3: 0.236 | H3: 6 | I3: 6 | J3: 1 | K3: =IF(ISBLANK(E3),IF(ISBLANK(F3),"",1), IF(E3+F3=0, 0, IF(G3=3600, IF(E3=F3,1,(E3-F3)/E3), 0))) -> 0
A4: 100 | B4: 20 | C4: 120 | D4: 1.15 | E4: 0 | F4: 0 | G4: 0.605 | H4: 7 | I4: 25 | J4: 1 | K4: =IF(ISBLANK(E4),IF(ISBLANK(F4),"",1), IF(E4+F4=0, 0, IF(G4=3600, IF(E4=F4,1,(E4-F4)/E4), 0))) -> 0
A5: 100 | B5: 20 | C5: 130 | D5: 1.15 | E5: 0 | F5: 0 | G5: 0.626 | H5: 7 | I5: 12 | J5: 1 | K5: =IF(ISBLANK(E5),IF(ISBLANK(F5),"",1), IF(E5+F5=0, 0, IF(G5=3600, IF(E5=F5,1,(E5-F5)/E5), 0))) -> 0
A6: 100 | B6: 20 | C6: 140 | D6: 1.15 | E6: 0 | F6: 0 | G6: 0.229 | H6: 7 | I6: 7 | J6: 1 | K6: =IF(ISBLANK(E6),IF(ISBLANK(F6),"",1), IF(E6+F6=0, 0, IF(G6=3600, IF(E6=F6,1,(E6-F6)/E6), 0))) -> 0
A7: 100 | B7: 20 | C7: 150 | D7: 1.15 | E7: 2 | F7: 2 | G7: 175.233 | H7: 9 | I7: 9 | J7: 2 | K7: =IF(ISBLANK(E7),IF(ISBLANK(F7),"",1), IF(E7+F7=0, 0, IF(G7=3600, IF(E7=F7,1,(E7-F7)/E7), 0))) -> 0
A8: 100 | B8: 20 | C8: 160 | D8: 1.15 | E8: 0 | F8: 0 | G8: 0.217 | H8: 4 | I8: 4 | J8: 1 | K8: =IF(ISBLANK(E8),IF(ISBLANK(F8),"",1), IF(E8+F8=0, 0, IF(G8=3600, IF(E8=F8,1,(E8-F8)/E8), 0))) -> 0
A9: 100 | B9: 20 | C9: 170 | D9: 1.15 | E9: 1 | F9: 1 | G9: 92.905 | H9: 8 | I9: 8 | J9: 2 | K9: =IF(ISBLANK(E9),IF(ISBLANK(F9),"",1), IF(E9+F9=0, 0, IF(G9=3600, IF(E9=F9,1,(E9-F9)/E9), 0))) -> 0
A10: 100 | B10: 20 | C10: 180 | D10: 1.15 | E10: 0 | F10: 0 | G10: 0.471 | H10: 6 | I10: 16 | J10: 1 | K10: =IF(ISBLANK(E10),IF(ISBLANK(F10),"",1), IF(E10+F10=0, 0, IF(G10=3600, IF(E10=F10,1,(E10-F10)/E10), 0))) -> 0
A11: 100 | B11: 20 | C11: 190 | D11: 1.15 | E11: 0 | F11: 0 | G11: 0.214 | H11: 6 | I11: 6 | J11: 1 | K11: =IF(ISBLANK(E11),IF(ISBLANK(F11),"",1), IF(E11+F11=0, 0, IF(G11=3600, IF(E11=F11,1,(E11-F11)/E11), 0))) -> 0
A12: 100 | B12: 20 | C12: 200 | D12: 1.15 | E12: 1 | F12: 1 | G12: 103.391 | H12: 8 | I12: 8 | J12: 2 | K12: =IF(ISBLANK(E12),IF(ISBLANK(F12),"",1), IF(E12+F12=0, 0, IF(G12=3600, IF(E12=F12,1,(E12-F12)/E12), 0))) -> 0 | L12: =AVERAGE(G3:G12) -> 37.4127 | M12: =1-COUNTBLANK(E3:E12)/10 -> 1 | N12: =AVERAGE(K3:K12) -> 0 | O12: {=SUMPRODUCT(E3:E12-F3:F12)/10} -> 0
A13: 100 | B13: 25 | C13: 110 | D13: 1.15 | E13: 0 | F13: 0 | G13: 0.464 | H13: 11 | I13: 27 | J13: 1 | K13: =IF(ISBLANK(E13),IF(ISBLANK(F13),"",1), IF(E13+F13=0, 0, IF(G13=3600, IF(E13=F13,1,(E13-F13)/E13), 0))) -> 0
A14: 100 | B14: 25 | C14: 120 | D14: 1.15 | E14: 0 | F14: 0 | G14: 2.049 | H14: 9 | I14: 108 | J14: 1 | K14: =IF(ISBLANK(E14),IF(ISBLANK(F14),"",1), IF(E14+F14=0, 0, IF(G14=3600, IF(E14=F14,1,(E14-F14)/E14), 0))) -> 0
A15: 100 | B15: 25 | C15: 130 | D15: 1.15 | E15: 0 | F15: 0 | G15: 0.3 | H15: 11 | I15: 11 | J15: 1 | K15: =IF(ISBLANK(E15),IF(ISBLANK(F15),"",1), IF(E15+F15=0, 0, IF(G15=3600, IF(E15=F15,1,(E15-F15)/E15), 0))) -> 0
A16: 100 | B16: 25 | C16: 140 | D16: 1.15 | E16: 0 | F16: 0 | G16: 0.465 | H16: 9 | I16: 30 | J16: 1 | K16: =IF(ISBLANK(E16),IF(ISBLANK(F16),"",1), IF(E16+F16=0, 0, IF(G16=3600, IF(E16=F16,1,(E16-F16)/E16), 0))) -> 0
A17: 100 | B17: 25 | C17: 150 | D17: 1.15 | E17: 0 | F17: 0 | G17: 1.404 | H17: 12 | I17: 116 | J17: 1 | K17: =IF(ISBLANK(E17),IF(ISBLANK(F17),"",1), IF(E17+F17=0, 0, IF(G17=3600, IF(E17=F17,1,(E17-F17)/E17), 0))) -> 0
A18: 100 | B18: 25 | C18: 160 | D18: 1.15 | E18: 0 | F18: 0 | G18: 0.987 | H18: 11 | I18: 63 | J18: 1 | K18: =IF(ISBLANK(E18),IF(ISBLANK(F18),"",1), IF(E18+F18=0, 0, IF(G18=3600, IF(E18=F18,1,(E18-F18)/E18), 0))) -> 0
A19: 100 | B19: 25 | C19: 170 | D19: 1.15 | E19: 0 | F19: 0 | G19: 0.604 | H19: 12 | I19: 20 | J19: 1 | K19: =IF(ISBLANK(E19),IF(ISBLANK(F19),"",1), IF(E19+F19=0, 0, IF(G19=3600, IF(E19=F19,1,(E19-F19)/E19), 0))) -> 0
A20: 100 | B20: 25 | C20: 180 | D20: 1.15 | E20: 0 | F20: 0 | G20: 0.55 | H20: 11 | I20: 15 | J20: 1 | K20: =IF(ISBLANK(E20),IF(ISBLANK(F20),"",1), IF(E20+F20=0, 0, IF(G20=3600, IF(E20=F20,1,(E20-F20)/E20), 0))) -> 0
A21: 100 | B21: 25 | C21: 190 | D21: 1.15 | E21: 0 | F21: 0 | G21: 0.29 | H21: 11 | I21: 11 | J21: 1 | K21: =IF(ISBLANK(E21),IF(ISBLANK(F21),"",1), IF(E21+F21=0, 0, IF(G21=3600, IF(E21=F21,1,(E21-F21)/E21), 0))) -> 0
A22: 100 | B22: 25 | C22: 200 | D22: 1.15 | E22: 0 | F22: 0 | G22: 0.283 | H22: 11 | I22: 11 | J22: 1 | K22: =IF(ISBLANK(E22),IF(ISBLANK(F22),"",1), IF(E22+F22=0, 0, IF(G22=3600, IF(E22=F22,1,(E22-F22)/E22), 0))) -> 0 | L22: =AVERAGE(G13:G22) -> 0.7396 | M22: =1-COUNTBLANK(E13:E22)/10 -> 1 | N22: =AVERAGE(K13:K22) -> 0 | O22: {=SUMPRODUCT(E13:E22-F13:F22)/10} -> 0
A23: 200 | B23: 20 | C23: 110 | D23: 1.15 | E23: 6 | F23: 6 | G23: 270.339 | H23: 0 | I23: 10 | J23: 4 | K23: =IF(ISBLANK(E23),IF(ISBLANK(F23),"",1), IF(E23+F23=0, 0, IF(G23=3600, IF(E23=F23,1,(E23-F23)/E23), 0))) -> 0
A24: 200 | B24: 20 | C24: 120 | D24: 1.15 | E24: 6 | F24: 6 | G24: 169.108 | H24: 0 | I24: 6 | J24: 3 | K24: =IF(ISBLANK(E24),IF(ISBLANK(F24),"",1), IF(E24+F24=0, 0, IF(G24=3600, IF(E24=F24,1,(E24-F24)/E24), 0))) -> 0
A25: 200 | B25: 20 | C25: 130 | D25: 1.15 | E25: 6 | F25: 6 | G25: 346.857 | H25: 0 | I25: 13 | J25: 3 | K25: =IF(ISBLANK(E25),IF(ISBLANK(F25),"",1), IF(E25+F25=0, 0, IF(G25=3600, IF(E25=F25,1,(E25-F25)/E25), 0))) -> 0
A26: 200 | B26: 20 | C26: 140 | D26: 1.15 | E26: 6 | F26: 6 | G26: 126.099 | H26: 0 | I26: 10 | J26: 7 | K26: =IF(ISBLANK(E26),IF(ISBLANK(F26),"",1), IF(E26+F26=0, 0, IF(G26=3600, IF(E26=F26,1,(E26-F26)/E26), 0))) -> 0
A27: 200 | B27: 20 | C27: 150 | D27: 1.15 | E27: 7 | F27: 6 | G27: 3600 | H27: 0 | I27: 49 | J27: 11 | K27: =IF(ISBLANK(E27),IF(ISBLANK(F27),"",1), IF(E27+F27=0, 0, IF(G27=3600, IF(E27=F27,1,(E27-F27)/E27), 0))) -> 0.14285714
A28: 200 | B28: 20 | C28: 160 | D28: 1.15 | E28: 7 | F28: 6 | G28: 3600 | H28: 0 | I28: 87 | J28: 20 | K28: =IF(ISBLANK(E28),IF(ISBLANK(F28),"",1), IF(E28+F28=0, 0, IF(G28=3600, IF(E28=F28,1,(E28-F28)/E28), 0))) -> 0.14285714
A29: 200 | B29: 20 | C29: 170 | D29: 1.15 | E29: 6 | F29: 6 | G29: 241.102 | H29: 0 | I29: 18 | J29: 4 | K29: =IF(ISBLANK(E29),IF(ISBLANK(F29),"",1), IF(E29+F29=0, 0, IF(G29=3600, IF(E29=F29,1,(E29-F29)/E29), 0))) -> 0
A30: 200 | B30: 20 | C30: 180 | D30: 1.15 | E30: 6 | F30: 6 | G30: 235.007 | H30: 0 | I30: 15 | J30: 4 | K30: =IF(ISBLANK(E30),IF(ISBLANK(F30),"",1), IF(E30+F30=0, 0, IF(G30=3600, IF(E30=F30,1,(E30-F30)/E30), 0))) -> 0
A31: 200 | B31: 20 | C31: 190 | D31: 1.15 | E31: 6 | F31: 6 | G31: 553.101 | H31: 0 | I31: 29 | J31: 7 | K31: =IF(ISBLANK(E31),IF(ISBLANK(F31),"",1), IF(E31+F31=0, 0, IF(G31=3600, IF(E31=F31,1,(E31-F31)/E31), 0))) -> 0
A32: 200 | B32: 20 | C32: 200 | D32: 1.15 | E32: 7 | F32: 6 | G32: 3600 | H32: 0 | I32: 60 | J32: 17 | K32: =IF(ISBLANK(E32),IF(ISBLANK(F32),"",1), IF(E32+F32=0, 0, IF(G32=3600, IF(E32=F32,1,(E32-F32)/E32), 0))) -> 0.14285714 | L32: =AVERAGE(G23:G32) -> 1274.1613 | M32: =1-COUNTBLANK(E23:E32)/10 -> 1 | N32: =AVERAGE(K23:K32) -> 0.042857143 | O32: {=SUMPRODUCT(E23:E32-F23:F32)/10} -> 0.3
A33: 200 | B33: 25 | C33: 110 | D33: 1.15 | E33: 2 | F33: 1 | G33: 3600 | H33: 0 | I33: 15 | J33: 6 | K33: =IF(ISBLANK(E33),IF(ISBLANK(F33),"",1), IF(E33+F33=0, 0, IF(G33=3600, IF(E33=F33,1,(E33-F33)/E33), 0))) -> 0.5
A34: 200 | B34: 25 | C34: 120 | D34: 1.15 | E34: 1 | F34: 1 | G34: 0.472 | H34: 0 | I34: 0 | J34: 1 | K34: =IF(ISBLANK(E34),IF(ISBLANK(F34),"",1), IF(E34+F34=0, 0, IF(G34=3600, IF(E34=F34,1,(E34-F34)/E34), 0))) -> 0
A35: 200 | B35: 25 | C35: 130 | D35: 1.15 | E35: 1 | F35: 1 | G35: 39.223 | H35: 0 | I35: 1 | J35: 2 | K35: =IF(ISBLANK(E35),IF(ISBLANK(F35),"",1), IF(E35+F35=0, 0, IF(G35=3600, IF(E35=F35,1,(E35-F35)/E35), 0))) -> 0
A36: 200 | B36: 25 | C36: 140 | D36: 1.15 | E36: 1 | F36: 1 | G36: 134.213 | H36: 0 | I36: 13 | J36: 3 | K36: =IF(ISBLANK(E36),IF(ISBLANK(F36),"",1), IF(E36+F36=0, 0, IF(G36=3600, IF(E36=F36,1,(E36-F36)/E36), 0))) -> 0
A37: 200 | B37: 25 | C37: 150 | D37: 1.15 | E37: 2 | F37: 2 | G37: 2.696 | H37: 0 | I37: 10 | J37: 1 | K37: =IF(ISBLANK(E37),IF(ISBLANK(F37),"",1), IF(E37+F37=0, 0, IF(G37=3600, IF(E37=F37,1,(E37-F37)/E37), 0))) -> 0
A38: 200 | B38: 25 | C38: 160 | D38: 1.15 | E38: 2 | F38: 2 | G38: 2.368 | H38: 0 | I38: 0 | J38: 1 | K38: =IF(ISBLANK(E38),IF(ISBLANK(F38),"",1), IF(E38+F38=0, 0, IF(G38=3600, IF(E38=F38,1,(E38-F38)/E38), 0))) -> 0
A39: 200 | B39: 25 | C39: 170 | D39: 1.15 | E39: 2 | F39: 2 | G39: 0.454 | H39: 1 | I39: 1 | J39: 1 | K39: =IF(ISBLANK(E39),IF(ISBLANK(F39),"",1), IF(E39+F39=0, 0, IF(G39=3600, IF(E39=F39,1,(E39-F39)/E39), 0))) -> 0
A40: 200 | B40: 25 | C40: 180 | D40: 1.15 | E40: 2 | F40: 1 | G40: 3600 | H40: 0 | I40: 19 | J40: 3 | K40: =IF(ISBLANK(E40),IF(ISBLANK(F40),"",1), IF(E40+F40=0, 0, IF(G40=3600, IF(E40=F40,1,(E40-F40)/E40), 0))) -> 0.5
A41: 200 | B41: 25 | C41: 190 | D41: 1.15 | E41: 2 | F41: 2 | G41: 5.306 | H41: 0 | I41: 1 | J41: 1 | K41: =IF(ISBLANK(E41),IF(ISBLANK(F41),"",1), IF(E41+F41=0, 0, IF(G41=3600, IF(E41=F41,1,(E41-F41)/E41), 0))) -> 0
A42: 200 | B42: 25 | C42: 200 | D42: 1.15 | E42: 2 | F42: 1 | G42: 3600 | H42: 0 | I42: 2 | J42: 3 | K42: =IF(ISBLANK(E42),IF(ISBLANK(F42),"",1), IF(E42+F42=0, 0, IF(G42=3600, IF(E42=F42,1,(E42-F42)/E42), 0))) -> 0.5 | L42: =AVERAGE(G33:G42) -> 1098.4732 | M42: =1-COUNTBLANK(E33:E42)/10 -> 1 | N42: =AVERAGE(K33:K42) -> 0.15 | O42: {=SUMPRODUCT(E33:E42-F33:F42)/10} -> 0.3
K43: =IF(ISBLANK(E43),IF(ISBLANK(F43),"",100), IF(E43+F43=0, 0, IF(G43=3600, IF(E43=F43,1,(E43-F43)/E43*100), 0)))
K44: =IF(ISBLANK(E44),IF(ISBLANK(F44),"",100), IF(E44+F44=0, 0, IF(G44=3600, IF(E44=F44,1,(E44-F44)/E44*100), 0)))
K45: =IF(ISBLANK(E45),IF(ISBLANK(F45),"",100), IF(E45+F45=0, 0, IF(G45=3600, IF(E45=F45,1,(E45-F45)/E45*100), 0)))
K46: =IF(ISBLANK(E46),IF(ISBLANK(F46),"",100), IF(E46+F46=0, 0, IF(G46=3600, IF(E46=F46,1,(E46-F46)/E46*100), 0)))
K47: =IF(ISBLANK(E47),IF(ISBLANK(F47),"",100), IF(E47+F47=0, 0, IF(G47=3600, IF(E47=F47,1,(E47-F47)/E47*100), 0)))
K48: =IF(ISBLANK(E48),IF(ISBLANK(F48),"",100), IF(E48+F48=0, 0, IF(G48=3600, IF(E48=F48,1,(E48-F48)/E48*100), 0)))
K49: =IF(ISBLANK(E49),IF(ISBLANK(F49),"",100), IF(E49+F49=0, 0, IF(G49=3600, IF(E49=F49,1,(E49-F49)/E49*100), 0)))
K50: =IF(ISBLANK(E50),IF(ISBLANK(F50),"",100), IF(E50+F50=0, 0, IF(G50=3600, IF(E50=F50,1,(E50-F50)/E50*100), 0)))
K51: =IF(ISBLANK(E51),IF(ISBLANK(F51),"",100), IF(E51+F51=0, 0, IF(G51=3600, IF(E51=F51,1,(E51-F51)/E51*100), 0)))
K52: =IF(ISBLANK(E52),IF(ISBLANK(F52),"",100), IF(E52+F52=0, 0, IF(G52=3600, IF(E52=F52,1,(E52-F52)/E52*100), 0))) | L52: =AVERAGE(G43:G52) -> #DIV/0!
K53: =IF(ISBLANK(E53),IF(ISBLANK(F53),"",100), IF(E53+F53=0, 0, IF(G53=3600, IF(E53=F53,1,(E53-F53)/E53*100), 0)))
K54: =IF(ISBLANK(E54),IF(ISBLANK(F54),"",100), IF(E54+F54=0, 0, IF(G54=3600, IF(E54=F54,1,(E54-F54)/E54*100), 0)))
K55: =IF(ISBLANK(E55),IF(ISBLANK(F55),"",100), IF(E55+F55=0, 0, IF(G55=3600, IF(E55=F55,1,(E55-F55)/E55*100), 0)))
K56: =IF(ISBLANK(E56),IF(ISBLANK(F56),"",100), IF(E56+F56=0, 0, IF(G56=3600, IF(E56=F56,1,(E56-F56)/E56*100), 0)))
K57: =IF(ISBLANK(E57),IF(ISBLANK(F57),"",100), IF(E57+F57=0, 0, IF(G57=3600, IF(E57=F57,1,(E57-F57)/E57*100), 0)))
K58: =IF(ISBLANK(E58),IF(ISBLANK(F58),"",100), IF(E58+F58=0, 0, IF(G58=3600, IF(E58=F58,1,(E58-F58)/E58*100), 0)))
K59: =IF(ISBLANK(E59),IF(ISBLANK(F59),"",100), IF(E59+F59=0, 0, IF(G59=3600, IF(E59=F59,1,(E59-F59)/E59*100), 0)))
K60: =IF(ISBLANK(E60),IF(ISBLANK(F60),"",100), IF(E60+F60=0, 0, IF(G60=3600, IF(E60=F60,1,(E60-F60)/E60*100), 0)))
K61: =IF(ISBLANK(E61),IF(ISBLANK(F61),"",100), IF(E61+F61=0, 0, IF(G61=3600, IF(E61=F61,1,(E61-F61)/E61*100), 0)))
